RT @Antiquebasket: New Arrival #handmade #Nautical Navy #handbag https://t.co/T8cuiXwqSh via @Etsy #sailing  #mothersday #RTPFB #antiquebasâ€¦	neutral
RT @kpophigherstore: [Plz Re] #GOT7 #FLIGHTLOG #ARRIVAL #ê°“ì„¸ë¸ #à¸•à¸¥à¸²à¸”à¸™à¸±à¸”à¸­à¸²à¸à¸²à¹€à¸‹  #à¸£à¹‰à¸²à¸™à¹€à¸›à¸´à¸”à¹ƒà¸«à¸¡à¹ˆ #à¸à¸£à¸µà¸­à¸±à¸¥à¸šà¸±à¹‰à¸¡ #à¸à¸£à¸µà¹€à¸à¸²à¸«à¸¥à¸µ #GOT7_NeverEver_ì •ì˜¤ê³µê°œ httpâ€¦	neutral
Have look to our latest designs and new stock arrival at Suraj Bhan Babulal & Co. Jewellers Basheerbagh Main Road Hâ€¦ https://t.co/1FaSaaxssI	neutral
RT @cloud69b: ğŸ’Some markjin sketch moments in arrival era#markjin #mark #jinyoung #fanart #GOT7 https://t.co/lfozd10uf1	neutral
RT @cloud69b: ğŸ’Some markjin sketch moments in arrival era#markjin #mark #jinyoung #fanart #GOT7 https://t.co/lfozd10uf1	neutral
Newcastle-Amsterdam: Delayed arrival of 60 minutes into ijmuiden today, expected arrival time is 10:30 CET.	neutral
Have look to our latest designs and new stock arrival at Suraj Bhan Babulal & Co. Jewellers Basheerbagh Main Road Hâ€¦ https://t.co/aaXNJFFPGF	neutral
RT @baekxsprouts: rt to win got7's flight log : arrival album // both never & ever cover #GOT7_NeverEver_ì •ì˜¤ê³µê°œ - must be following me so Iâ€¦	neutral
RT @bangtanitl: Press photos of #BTS' arrival at Incheon Airport after completing their activities in Thailand, 170424 https://t.co/maxeLPWâ€¦	neutral
RT @cloud69b: ğŸ’Some markjin sketch moments in arrival era#markjin #mark #jinyoung #fanart #GOT7 https://t.co/lfozd10uf1	neutral
ğŸ‘ğŸ‘‰New arrival âœ¨ğŸ’«size: LğŸ›Priceï¼š2050 ğŸˆAvailable stock	neutral
Knife to the throat = dead on arrival #GH https://t.co/3SdzMkx4DJ	positive
New Arrival Mei 2017 https://t.co/2fuYjroYZR	neutral
New Arrival.!!!-In frame : Miq Footwear Hornet Boots BlackHargaâ€¦ https://t.co/XlagozGwSA	neutral
@NatWestBusiness acc cloned before welcome letter arrival Â£248 uber Â£7500 loan applied for account closed no explanation #cutomerservicefail	neutral
New Arrival #mouza  #gamisbranded #gamisori #gamis #gamisyari #hijabfashion #hijabstyleâ€¦ https://t.co/0AWHe5QAsM	neutral
RT @SecretOfGod100: ğŸŒŸ170424 #SEHUN @ JFK Airport New Yok Arrival ğŸ›¬ #ExordiuminNewark #EXOrDIUMinNY Â© two moons / IB https://t.co/QGVftd9SGG	neutral
New Arrival #mouza  #gamisbranded #gamisori #gamis #gamisyari #hijabfashion #hijabstyleâ€¦ https://t.co/S7XDGr2bXR	neutral
RT @kyungsbaek: 170424 #EXO at JFK Airport Arrival âœˆï¸#EXOrDIUMinNewark https://t.co/msz4eNbZAk	neutral
New Arrival.!!!-In frame : Miq Footwear Hornet Boots BlackHargaâ€¦ https://t.co/u1c3PuwP9A	neutral
RT @cloud69b: ğŸ’Some markjin sketch moments in arrival era#markjin #mark #jinyoung #fanart #GOT7 https://t.co/lfozd10uf1	neutral
RT @qbclub_news: ã€NEW ARRIVAL ã€‘adidas agizero5star 6.0 Football Gloves#adidas#adidasfootball#adizero#qbclub #ã‚­ãƒ¥ãƒ¼ãƒ“ã‚£ã‚¯ãƒ©ãƒ– https://t.co/lSftCW9Gâ€¦	neutral
On page 11 of 340 of Arrival, by Ted Chiang https://t.co/MUiiTzOYAJ	neutral
RT @H2OComms: DS @HishammuddinH2O welcoming the Hon @HarjitSajjan, Canada's Minister of National Defence upon arrival at @MINDEFMalaysia thâ€¦	neutral
RT @dayumexo: wow recent news just claimed americas air is 100x cleaner than it was 3hrs ago because of exos arrival	positive
DS @HishammuddinH2O welcoming the Hon @HarjitSajjan, Canada's Minister of National Defence upon arrival atâ€¦ https://t.co/9RY52KHDzn	neutral
@MichaelSmyth_ @VirginAustralia Are you also enjoying the inflight Internet, or was this posted after arrival? :)	positive
been rearranging the house, cleaning out the spare room to make room for a special new arrival that begins with a "b"	neutral
RT @jiaervita: IF I GET 199 RTS SHE'LL GET ME FLIGHT LOG: ARRIVAL RT PLEAS EFJKDJD https://t.co/oBIFZJMc38	neutral
Hey - Does a US National need a Visa on Arrival in Dubai? Someone mentioned they may need it on arrival. Dunno the sense there, still asking	neutral
#disneyprincess1st NEW ARRIVAL UNICORN T-SHIRT https://t.co/unXKkYLAKb https://t.co/jmdA5ZwmcR	neutral
Houston Day 1 Da arrival https://t.co/cQRYpqm27e	neutral
RT @kyungsbaek: 170424 #EXO at JFK Airport Arrival âœˆï¸#EXOrDIUMinNewark https://t.co/msz4eNbZAk	neutral
RT @richardajkeys: Interesting...City recently appointed the 60th new member of staff since Pep's arrival.	neutral
RT @Exolusa: {PREVIEWS} 170424 - #EXO at JFK Airport Arrival Cr. Meg@EXOLUSA https://t.co/TMnbaYwCMx	neutral
@sarahhollowell @KatCAWalker arrival but replace all the linguistics with memes	neutral
RT @Exolusa: {PREVIEWS} 170424 - #EXO at JFK Airport Arrival Cr. Meg@EXOLUSA~serina https://t.co/eABwmWb2Vz	neutral
RT @Exolusa: {PREVIEWS} 170424 - #EXO at JFK Airport Arrival Cr. Meg@EXOLUSA https://t.co/D3sNSsdVTT	neutral
Okay I swear this is the last Arrival album I will get. ã… ã…  Markkkk https://t.co/wLtvrboMTX	neutral
@SuperSportTV New castle wellcome back, pl also wellcome u @# man u,chelsea,arsenal awaits ur arrival.	neutral
#YM100 Arrival from Podgorica | Scheduled 25-APR 08:10 Gate A4 | REMARK: New time 07:59 (11 min early)	neutral
ğŸ‘ğŸ‘‰New arrival âœ¨ğŸ’«size:XLğŸŠColorï¼šğŸ›Priceï¼š2100ğŸˆAvailable stock	neutral
â˜› Arrival Full Movie StreamingPlaynow â¡ https://t.co/3bQWOem2Xd	neutral
RT @kyungsbaek: 170424 #EXO at JFK Airport Arrival âœˆï¸#EXOrDIUMinNewark https://t.co/msz4eNbZAk	neutral
ğŸŒŸğŸŒŸNEW ARRIVALğŸŒ¹ğŸŒ¹color: cream black green ğŸŒ¹ğŸŒ¹fabric:cotton ğŸŒ¹ğŸŒ¹freesize fits up to LğŸ€Code #23ğŸ€Php 350.00	neutral
Two science fiction movies you may have missed if you need something new to watch: Underworld Blood Wars (2017) & Aâ€¦ https://t.co/ZV7APm6Tcc	neutral
RT @i_nou_: new arrival .scallop lace blouse ğŸš https://t.co/Eh9YC6p98z	neutral
RT @cloud69b: ğŸ’Some markjin sketch moments in arrival era#markjin #mark #jinyoung #fanart #GOT7 https://t.co/lfozd10uf1	neutral
04-25 Cycling: 45th Amstel Gold Race 2010 Arrival / Marc... https://t.co/pMDUGcpv9T https://t.co/NpzOke15FN	positive
Date_25_04_2017 18dn Arrival Karachi Cantt At 10:45 Am Late 2 Hour 20 Mint At Plate Form 03 Power 8218 Waseem Kc	neutral
RT @cloud69b: ğŸ’Some markjin sketch moments in arrival era#markjin #mark #jinyoung #fanart #GOT7 https://t.co/lfozd10uf1	neutral
RT @bangtanitl: Press photos of #BTS' arrival at Incheon Airport after completing their activities in Thailand, 170424 https://t.co/maxeLPWâ€¦	neutral
Arrival was really good, food for thought.	positive
RT @Exolusa: {PREVIEWS} 170424 - #EXO at JFK Airport Arrival Cr. Meg@EXOLUSA~serina https://t.co/hEeVzk3Zph	neutral
New ArrivalbukhtRIB LONG TANK#bukht https://t.co/mweevggdXj	neutral
RT @cloud69b: ğŸ’Some markjin sketch moments in arrival era#markjin #mark #jinyoung #fanart #GOT7 https://t.co/lfozd10uf1	neutral
RT @bangtanitl: Press photos of #BTS' arrival at Incheon Airport after completing their activities in Thailand, 170424 https://t.co/maxeLPWâ€¦	neutral
RT @bangtanitl: Press photos of #BTS' arrival at Incheon Airport after completing their activities in Thailand, 170424 https://t.co/VtSQiT3â€¦	neutral
RT @kyungsbaek: 170424 #EXO at JFK Airport Arrival âœˆï¸#EXOrDIUMinNewark https://t.co/msz4eNbZAk	neutral
RT @bangtanitl: Press photos of #BTS' arrival at Incheon Airport after completing their activities in Thailand, 170424 https://t.co/7epLVS9â€¦	neutral
New ArrivalbukhtWIDE RIB V/N TEE#bukht https://t.co/QLNCk6AOCl	neutral
#W64092 Arrival from Dortmund | Scheduled 25-APR 11:00 Gate A7 | REMARK: On time	neutral
ğŸŒŸğŸŒŸNEW ARRIVALğŸŒ¹ğŸŒ¹color:floral ğŸŒ¹ğŸŒ¹fabric:cotton spandex ğŸŒ¹ğŸŒ¹freesize fits up to LğŸ€Code #23ğŸ€Php 380.00	neutral
RT @kyriakichristo: #Cyprus Prez @AnastasiadesCY pays #India a state visit. Arrival at #Mumbai Airport.(pics @CyprusPIO) https://t.co/6NPOâ€¦	neutral
2017.04.29(SAT) NEW ARRIVALhttps://t.co/n0duAUuDqw' https://t.co/kntHwg2v4f	neutral
RT @EricBoehlert: funny: arrival of "Shattered" was supposed to humiliate Clinton campaign. instead journalists on Twitter running for coveâ€¦	neutral
RT @MFAThai: PM Gen. Prayut is received by H.R.H.Prince Khalifa, PM of Bahrain, upon arrival in Manama to begin the Official Visit to Bahraâ€¦	neutral
NEW ARRIVAL | WAISTRASH BLACK - Contact 5BB24605 or text 089668119180 | https://t.co/yWyDN4gGsh https://t.co/v9OUayvP3j	neutral
#HV5591 Arrival from Amsterdam | Scheduled 25-APR 14:15 Gate A5 | REMARK: On time	neutral
#OS773 Arrival from Vienna | Scheduled 25-APR 14:10 Gate A2 | REMARK: On time	neutral
#LX1416 Arrival from Zurich | Scheduled 25-APR 14:00 Gate C2 | REMARK: On time	neutral
#LH1722 Arrival from Munich | Scheduled 25-APR 12:30 Gate A5 | REMARK: On time	neutral
#JU311 Arrival from Paris CDG | Scheduled 25-APR 12:25 Gate C5 | REMARK: On time	neutral
#JU361 Arrival from Amsterdam | Scheduled 25-APR 12:15 Gate C6 | REMARK: On time	neutral
#JU801 Arrival from Abu Dhabi | Scheduled 25-APR 12:15 Gate C3 | REMARK: New time 12:10 (5 min early)	neutral
#LH1406 Arrival from Frankfurt | Scheduled 25-APR 12:05 Gate A4 | REMARK: On time	neutral
#JU181 Arrival from Tivat | Scheduled 25-APR 11:10 Gate C6 | REMARK: On time	neutral
#JU531 Arrival from Rome Fiumicino | Scheduled 25-APR 11:05 Gate C4 | REMARK: On time	neutral
RT @Black1stLand1st: This is a call for unity in action to correct historical injustice which befell our country in 1652 with arrival of seâ€¦	neutral
RT @qbclub_news: ã€NEW ARRIVAL ã€‘adidas Freak 3.0 Football Gloves #adidas#adidasfootball#qbclub #ã‚­ãƒ¥ãƒ¼ãƒ“ã‚£ã‚¯ãƒ©ãƒ– #newarrivals https://t.co/eORp1SNJ4â€¦	neutral
And the Dead on arrival is on record.	positive
ã€NEW ARRIVALã€‘ MAJESTIC NEWYORK YANKEES BASEBALL SHIRTS... https://t.co/OjzaMwgfMh	neutral
RT @cloud69b: ğŸ’Some markjin sketch moments in arrival era#markjin #mark #jinyoung #fanart #GOT7 https://t.co/lfozd10uf1	neutral
ã€NEW ARRIVALã€‘ MAJESTIC NEWYORK YANKEES BASEBALL SHIRTSâ€¦ https://t.co/GBGl9dL5XO	neutral
RT @kyungsbaek: 170424 #EXO at JFK Airport Arrival âœˆï¸#EXOrDIUMinNewark https://t.co/msz4eNbZAk	neutral
@hawkinsdro Go for it! ğŸ» Another long one today. Three countries and a midnight arrival again. How's your trip?	neutral
ğŸŒŸğŸŒŸNEW ARRIVALğŸŒ¹ğŸŒ¹color:black bluebğŸŒ¹ğŸŒ¹fabric:cotton ğŸŒ¹ğŸŒ¹freesize fits up to LğŸ€Code #23ğŸ€Php 350.00	neutral
Ladies!!ğŸ‘§ğŸ»ğŸ‘©ğŸ¾ğŸ‘±ğŸ¾â€â™€ï¸ğŸ‘°ğŸ¿ğŸ‘©ğŸ¾â€ğŸ³ğŸ“¢NEW ARRIVAL ALERT ğŸš¨ The BELLA MULTI WAIST BEADS are here! Expressâ€¦ https://t.co/3urZzui9us	neutral
RT @ChenderellaGO: 170424 #SEHUN #BAEKHYUN ARRIVAL AT #JFK #EXO #EXORDIUMinNJ #EXOrDIUMinNA https://t.co/Gc5eW8ZQKT	neutral
#SU2090 Arrival from Moscow Sheremetyevo | Scheduled 25-APR 12:25 Gate A1 | REMARK: On time	neutral
#TU226 Arrival from Tunis | Scheduled 25-APR 10:20 Gate A3 | REMARK: On time	neutral
RT @bangtanitl: Press photos of #BTS' arrival at Incheon Airport after completing their activities in Thailand, 170424 https://t.co/7epLVS9â€¦	neutral
RT @bangtanitl: Press photos of #BTS' arrival at Incheon Airport after completing their activities in Thailand, 170424 https://t.co/VtSQiT3â€¦	neutral
RT @SeulReneDaily: |PIC| 170421 [ğŸ°ğŸ»] Arrival at Kuala Lumpur International Airport #RedVelvet #ë ˆë“œë²¨ë²³ #IRENE #ì•„ì´ë¦° #SEULGI #ìŠ¬ê¸°Â© kportmania htâ€¦	neutral
RT @cloud69b: ğŸ’Some markjin sketch moments in arrival era#markjin #mark #jinyoung #fanart #GOT7 https://t.co/lfozd10uf1	neutral
RT @jiaervita: IF I GET 199 RTS SHE'LL GET ME FLIGHT LOG: ARRIVAL RT PLEAS EFJKDJD https://t.co/oBIFZJMc38	neutral
RT @bangtanitl: Daily News Thailand posted photos of #BTS' arrival at Suvarnabhumi Airport, Thailand, 170421.https://t.co/LpKdvEwbmM httpsâ€¦	neutral
Date_25_04_2017 18dn Arrival Karachi Cantt At 10:45 Am Late 2 Hour 20 Mint At Plate Form 03 Power 8218 Waseem Kc	neutral
RT @DeannaWiley: I entered a giveaway for a chance to win "New Arrival. Sideways Hand of Hamsa. Hamsa Ring W..." by Bdsign. https://t.co/O2â€¦	neutral
#FZ745 Arrival from Dubai | Scheduled 25-APR 12:55 Gate A3 | REMARK: New time 13:00 (5 min late)	neutral
#FZ745 Arrival from Dubai | Scheduled 25-APR 12:55 Gate A3 | REMARK: New time 13:00 (5 min late)	neutral
#JU411 Arrival from Stockholm Arlanda | Scheduled 25-APR 12:35 Gate C1 | REMARK: On time	neutral
#JU231 Arrival from Zagreb | Scheduled 25-APR 11:10 Gate A4a | REMARK: On time	neutral
#JU601 Arrival from Vienna | Scheduled 25-APR 11:05 Gate A4b | REMARK: On time	neutral
@bonjour_carson This is how I watched it https://t.co/YUdMjtkjKQ	neutral
ğŸŒŸğŸŒŸNEW ARRIVALğŸŒ¹ğŸŒ¹color: NAVY ğŸŒ¹ğŸŒ¹fabric:COTTON SPANDEX ğŸŒ¹ğŸŒ¹freesize fits up to LğŸ€Code #23ğŸ€Php 390.00	neutral
@anntensity Welcome to town, Ann! I live here, looking forward to your arrival :)	neutral
RT @ChenderellaGO: 170424 #BAEKHYUN #SEHUN #SUHO ARRIVAL AT #JFK #EXO #EXORDIUMinNJ #EXOrDIUMinNA https://t.co/8WAOwXwCYU	neutral
new arrivalâ™¥ï¸for mensmall to xl limited lang po fast movingâ¤ï¸	negative
RT @mystarmyangel: [COMPILATION] 170424 YoonA Gimpo Airport arrival from Japan 16P by PressDL: https://t.co/gC9r94d048 https://t.co/bIDsRâ€¦	neutral
ğŸ“New arrivalğŸ“ADIDASğŸ’ğŸ“BagpackğŸ“CombinationsğŸ“color'sğŸ“como plagueğŸ“unisexğŸ“Size:18inchesğŸ€Code CohağŸ€Php 450.00	neutral
RT @Exolusa: {PREVIEWS} 170424 - #EXO at JFK Airport Arrival Cr. With chen, monamichen ~serina https://t.co/yDVTd0pCtn	neutral
Date_25_04_2017 18dn Arrival Karachi Cantt At 10:45 Am Late 2 Hour 20 Mint At Plate Form 03 Power 8218 Waseem Kc	neutral
RT @cloud69b: ğŸ’Some markjin sketch moments in arrival era#markjin #mark #jinyoung #fanart #GOT7 https://t.co/lfozd10uf1	neutral
Looking forward to Heathers arrival. Last piece of equipment arrived today at Vegas .ğŸ˜€	positive
RT @dayumexo: wow recent news just claimed americas air is 100x cleaner than it was 3hrs ago because of exos arrival	positive
RT @bangtanitl: Previews of #BTS' arrival at Incheon Airport after completing their activities in Thailand, 170424 (cr logo). https://t.co/â€¦	neutral
RT @btsdiary: [Picture/Media] BTS Arrival at Incheon Airport From Bangkok - Thailand [170424] https://t.co/DB5IGts2TJ https://t.co/wuUDDThwâ€¦	neutral
RT @bangtanitl: Press photos of #BTS' arrival at Incheon Airport after completing their activities in Thailand, 170424 https://t.co/maxeLPWâ€¦	neutral
KEEP RETWEETING PLS PLS SHE SAID SHE'LL GET ME THE ARRIVAL ALBUM NOW OMG #got7inPerth #Got7inMelbourneâ€¦ https://t.co/xXudbZhy7b	neutral
RT @bangtanitl: Press photos of #BTS' arrival at Incheon Airport after completing their activities in Thailand, 170424 https://t.co/VtSQiT3â€¦	neutral
RT @mikeyface: Last tweet: new MwM. Itâ€™s about Arrival. I crammed music by Babyface into it and that is awesome: https://t.co/0zoGbeMxce	positive
RT @bangtanitl: Press photos of #BTS' arrival at Incheon Airport after completing their activities in Thailand, 170424 https://t.co/7epLVS9â€¦	neutral
RT @whbond: Meet our latest arrival! She was born last night ( no name yet ) around 10 pm and both her and Mum are doing well. https://t.coâ€¦	positive
RT @bangtanitl: Press photos of #BTS' arrival at Incheon Airport after completing their activities in Thailand, 170424 https://t.co/maxeLPWâ€¦	neutral
ğŸ“New arrival NikeğŸ“BagpackğŸ“CombinationsğŸ“color'sğŸ“como plagueğŸ“unisexğŸ“Size:18inchesğŸ€Code CohağŸ€Php 450.00	neutral
@Yg_Trece let's go PG, Orlando Magic is waiting for you :) oh and @debswim2010 is also waiting on your arrival.	neutral
RT @cloud69b: ğŸ’Some markjin sketch moments in arrival era#markjin #mark #jinyoung #fanart #GOT7 https://t.co/lfozd10uf1	neutral
RT @kyungsbaek: 170424 #EXO JFK Airport Arrival âœˆï¸#EXOrDIUMinNewark*this was on full zoom I wasn't that close to them https://t.co/pgMLâ€¦	positive
arrival https://t.co/WWwAmdh5TS	neutral
RT @southdevonrly: Who else is excited for the weekend?There's so much to do! Make sure you pick up a programme on arrival to plan your fuâ€¦	positive
RT @GOT7Official: GOT7 <FLIGHT LOG : ARRIVAL> TEASER IMAGE#GOT7 #ê°“ì„¸ë¸#FLIGHTLOG #ARRIVAL #NeverEver https://t.co/UokGjQMJvd	neutral
RT @GOT7Official: GOT7 <FLIGHT LOG : ARRIVAL> TEASER IMAGE #BamBam #Mark#GOT7 #FLIGHTLOG #ARRIVAL #NeverEver https://t.co/BOT0soeguV	neutral
RT @GOT7Official: GOT7 <FLIGHT LOG : ARRIVAL> TEASER IMAGE #Yugyeom #BamBam#GOT7 #FLIGHTLOG #ARRIVAL #NeverEver https://t.co/ObYsWaorLX	neutral
RT @GOT7Official: GOT7 <FLIGHT LOG : ARRIVAL> TEASER IMAGE #BamBam#GOT7 #FLIGHTLOG #ARRIVAL #NeverEver https://t.co/aQVczRZvIQ	neutral
RT @GOT7Official: GOT7 <FLIGHT LOG : ARRIVAL> TEASER IMAGE #Youngjae #Yugyeom#GOT7 #FLIGHTLOG #ARRIVAL #NeverEver https://t.co/flkKotxrâ€¦	neutral
RT @GOT7Official: GOT7 <FLIGHT LOG : ARRIVAL> TEASER IMAGE #Yugyeom#GOT7 #FLIGHTLOG #ARRIVAL #NeverEver https://t.co/w1FQJZAdli	neutral
RT @GOT7Official: GOT7 <FLIGHT LOG : ARRIVAL> TEASER IMAGE #Jackson #Youngjae#GOT7 #FLIGHTLOG #ARRIVAL #NeverEver https://t.co/WbViIYrJâ€¦	neutral
RT @cloud69b: ğŸ’Some markjin sketch moments in arrival era#markjin #mark #jinyoung #fanart #GOT7 https://t.co/lfozd10uf1	neutral
RT @bangtanitl: Press photos of #BTS' arrival at Incheon Airport after completing their activities in Thailand, 170424 https://t.co/maxeLPWâ€¦	neutral
RT @bangtanitl: Press photos of #BTS' arrival at Incheon Airport after completing their activities in Thailand, 170424 https://t.co/maxeLPWâ€¦	neutral
RT @GOT7Official: GOT7 <FLIGHT LOG : ARRIVAL> TEASER IMAGE #Youngjae#GOT7 #FLIGHTLOG #ARRIVAL #NeverEver https://t.co/dmND0c3VfT	neutral
04-25 'Cycling: Tour of Suisse / Stage 6 Arrival / CAVENDISH Mark (GBR) Celebration Joieâ€¦ https://t.co/hOcVC8Ef28	neutral
RT @btsdiary: [Picture/Media] BTS Arrival at Incheon Airport From Bangkok - Thailand [170424] https://t.co/DB5IGts2TJ https://t.co/wuUDDThwâ€¦	neutral
RT @GOT7Official: GOT7 <FLIGHT LOG : ARRIVAL> TEASER IMAGE #Jinyoung #Jackson#GOT7 #FLIGHTLOG #ARRIVAL #NeverEver https://t.co/kpFGw8Lvâ€¦	neutral
I entered a giveaway for a chance to win "New Arrival. Sideways Hand of Hamsa. Hamsa Ring W..." by Bdsign. https://t.co/O2GG5IdLmw #giveaway	neutral
RT @Exolusa: {PREVIEWS} 170424 - #EXO at JFK Airport Arrival Cr. Meg@EXOLUSA https://t.co/TMnbaYwCMx	neutral
Wendy and I would like to announce the arrival of our beautiful granddaughter Kamryn Rose Powell. Please continue tâ€¦ https://t.co/g7EM5aTmvu	positive
RT @cloud69b: ğŸ’Some markjin sketch moments in arrival era#markjin #mark #jinyoung #fanart #GOT7 https://t.co/lfozd10uf1	neutral
RT @kyungsbaek: 170424 #EXO at JFK Airport Arrival âœˆï¸#EXOrDIUMinNewark https://t.co/msz4eNbZAk	neutral
RT @cloud69b: ğŸ’Some markjin sketch moments in arrival era#markjin #mark #jinyoung #fanart #GOT7 https://t.co/lfozd10uf1	neutral
RT @tirnaog09: Morning all, this week saw the anniversary of Jock Stein's team marking their arrival with a famous come back in the cup finâ€¦	neutral
RT @kyungsbaek: 170424 #EXO at JFK Airport Arrival âœˆï¸#EXOrDIUMinNewark https://t.co/msz4eNbZAk	neutral
RT @jiaervita: IF I GET 199 RTS SHE'LL GET ME FLIGHT LOG: ARRIVAL RT PLEAS EFJKDJD https://t.co/oBIFZJMc38	neutral
Morning all, this week saw the anniversary of Jock Stein's team marking their arrival with a famous come back in thâ€¦ https://t.co/y5sC4H1Xmm	neutral
New Arrival!GShockWater Resistant Dual TimeAnalog/Digital Clockwith Can and PaperbagSee Pics...	neutral
Belle banks on "visa on arrival" to lure tourists #InTheLoop #CignalTV	neutral
NEW ARRIVAL | WAISTRASH MAROON - Contact 5BB24605 or text 089668119180 | https://t.co/yWyDN4gGsh https://t.co/b6XjanaZaZ	neutral
RT @dayumexo: wow recent news just claimed americas air is 100x cleaner than it was 3hrs ago because of exos arrival	positive
Eternamente enamorada de "The Cinematic Orchestra Arrival of the Birds & Transformation"ğŸ˜ğŸ˜ğŸ¼	positive
@TransLink Well I put in my actual address which is just off Kitchener and Sperling and it gave me a departure timeâ€¦ https://t.co/7rKrUg4p6m	positive
RT @kyungsbaek: 170424 #EXO at JFK Airport Arrival âœˆï¸#EXOrDIUMinNewark https://t.co/ep2BlglaGI	neutral
RT @kyungsbaek: 170424 #EXO at JFK Airport Arrival âœˆï¸#EXOrDIUMinNewark https://t.co/0vL5074xF5	neutral
RT @kyungsbaek: 170424 #EXO at JFK Airport Arrival âœˆï¸#EXOrDIUMinNewark https://t.co/0MgIqOEMSX	neutral
RT @kyungsbaek: 170424 #EXO at JFK Airport Arrival âœˆï¸#EXOrDIUMinNewark https://t.co/msz4eNbZAk	neutral
Speaking as a resident of Berkeley I welcome @AnnCoulter's arrival at a street corner in town on Thursday April 27th.	neutral
RT @BeingNishaRani: Quick glimpse of mr dabang on arrival #dabangtour2017 #salmankhan @beingsalmankhan #beinghuman #enjoylife @raninisha htâ€¦	neutral
@TAKEALOT Ok thanks. Will be it be released on arrival as well?	positive
RT @kyungsbaek: 170424 #EXO at JFK Airport Arrival âœˆï¸#EXOrDIUMinNewark https://t.co/ep2BlglaGI	neutral
Liked on YouTube: Arrival (2016) - Movies with Mikey https://t.co/fCWRBINoGf	positive
@illyria237 1/2 That's odd. I ran the trip using our trip planner for arrival at approx 8am and it gave me a trip for approx 56 mins. ^js	negative
#AliExpress US $3.89 New Arrival Mini Hi-Fi 1:6 TV Home Theater Cabinet Set Combo For... https://t.co/oOySLQ3se1 https://t.co/DNGG1xO8no	neutral
RT @cloud69b: ğŸ’Some markjin sketch moments in arrival era#markjin #mark #jinyoung #fanart #GOT7 https://t.co/lfozd10uf1	neutral
New ArrivalNike Womens Lunarepic Flyknit :Oreo (818677 101)Hot Punch Lava (818677 200)Blackâ€¦ https://t.co/VJQub0BrRs	neutral
Weds- practice/jr game 430 arrivalThurs- 7pm game in WR 515 arrivalFri- UW vs Cal game arrival time tbd Sat- TBASun- Dh vs Jays 12pm	neutral
NEW ARRIVAL 4n 1 BAGS !!!!*high quality guaranteed*thick canvass materialWs/Rs:P450	neutral
RT @jiinhyvns: 04242017 Airport Photos on Naver articles BTS Arrival at Incheon Airport from Bangkok Wings Tour	neutral
ã€NEW ARRIVALã€‘SGD$2280 Balenciaga Classic City Bleu Gold Hardware All item in Reve Label is Brand New and Authenâ€¦ https://t.co/rZP6akW9XG	positive
#SiddharthNigam.Brother siddharth_lovers your fans await your arrival to indonesiağŸ˜‡ğŸ™ğŸ™ğŸ‘ğŸ‘ğŸ‘ğŸ‘ŒâœŒ	neutral
RT @kyungsbaek: 170424 #EXO at JFK Airport Arrival âœˆï¸#EXOrDIUMinNewark https://t.co/msz4eNbZAk	neutral
RT @kyungsbaek: 170424 #EXO at JFK Airport Arrival âœˆï¸#EXOrDIUMinNewark https://t.co/msz4eNbZAk	neutral
RT @OfficialEVRIS: âœ”ï¸NEW ARRIVALï¼¿ï¼¿ï¼¿ï¼¿ï¼¿ï¼¿ï¼¿ï¼¿ï¼¿ï¼¿ï¼¿ï¼¿ï¼¿ï¼¿ï¼¿ï¼¿flower shirring offshoulder topsIVO/BLKÂ¥5,990+tax4.28.Fri.ã€œreleaseâ˜ https://t.co/LGFâ€¦	neutral
RT @Cherrygot7: [Pls retweet] Selling Got7's "Flight log: arrival" albumsPrice: 30$, shipping included.I sell sealed & unsealed ones & shâ€¦	neutral
RT @Cherrygot7: [Pls retweet] Selling Got7's "Flight log: arrival" albumsPrice per album: 30$ (shipping included)Ww shipping and sellingâ€¦	neutral
RT @bangtanitl: Press photos of #BTS' arrival at Incheon Airport after completing their activities in Thailand, 170424 https://t.co/maxeLPWâ€¦	neutral
RT @mystarmyangel: [COMPILATION] 170424 YoonA Gimpo Airport arrival from Japan 16P by PressDL: https://t.co/gC9r94d048 https://t.co/bIDsRâ€¦	neutral
Date 25_04_2017 Dn Arrival Kc Today 46dn 8222 09:00 Late 1 Hour 45 Mint 26dn 8203 08:35. Late 1 Hour 5 Mint.	neutral
Date_25_04_2017 10dn Arrival Karachi Cantt At 09:25 Am Late 1 Hour 25 Mint At Plate Form 03 Power 6319 Waseem Kc	neutral
Date_25_04_2017 04dn Arrival Karachi Cantt At 10:10 Am Late 3 Hour 10 Mint At Plate Form 01 Power 6417 Waseem Kc	neutral
Date_25_04_2017 20dn Arrival Karachi Cantt At 10:25 Am Late 6 Hour 25 Mint At Plate Form 03 Power 8071 Waseem Kc	neutral
RT @F_GUNMA_2012: .ã€ŠNEW ARRIVALã€‹OLDS & H UNIFORMSSIZE:ONE SIZEMADE IN U.S.A.65% POLYESTER35% COTTONï¿¥2900â€¦ https://t.co/3UV8RJHQBp	neutral
RT @cloud69b: ğŸ’Some markjin sketch moments in arrival era#markjin #mark #jinyoung #fanart #GOT7 https://t.co/lfozd10uf1	neutral
RT @GOT7Official: GOT7 "Never Ever" Dance Practicehttps://t.co/mEgQMRy2AC#GOT7 #ê°“ì„¸ë¸#FLIGHTLOG #ARRIVAL #NeverEver	neutral
RT @BabyBird9394: [RT PLS] Please anyone who has any Arrival cards who is not planning on using them please help me ã… ã…  #GOT7 #ê°“ì„¸ë¸	neutral
RT @MrMenziN: Visa on arrival countries for South African Passport-Holders: https://t.co/X5zdX3Vx6X	neutral
Holy shit. Arrival is absolutely incredible. Must watch if you haven't already.	positive
RT @cloud69b: ğŸ’Some markjin sketch moments in arrival era#markjin #mark #jinyoung #fanart #GOT7 https://t.co/lfozd10uf1	neutral
RT @kyungsbaek: 170424 #EXO JFK Airport Arrival âœˆï¸#EXOrDIUMinNewark*this was on full zoom I wasn't that close to them https://t.co/pgMLâ€¦	positive
RT @cloud69b: ğŸ’Some markjin sketch moments in arrival era#markjin #mark #jinyoung #fanart #GOT7 https://t.co/lfozd10uf1	neutral
UPDATES: We're hearing that a recent arrival at the Olympic park safe house was infected.	neutral
RT @EXOxKLM: [PREVIEW] 170424 EXO at JFK Airport Arrival - Sehuncr. TWO MOONS-KM https://t.co/0tol2caVbd	neutral
RT @EXOxKLM: [PREVIEW] 170424 EXO at JFK Airport Arrival - Sehuncr. TWO MOONS-KM https://t.co/AdOXCIGILD	neutral
RT @GOT7Official: GOT7 "Never Ever" Cheer Guide Videohttps://t.co/b94RPOXhpq#GOT7 #ê°“ì„¸ë¸ #FLIGHTLOG #ARRIVAL #NeverEver	positive
RT @BabyBird9394: [RT PLS] Please anyone who has any Arrival cards who is not planning on using them please help me ã… ã…  #GOT7 #ê°“ì„¸ë¸	neutral
@DancingPencils, we've been so contented bwt our sponsor's arrival in RSA from UK yesterday! #Hilton_Keat$	neutral
RT @kyungsbaek: 170424 #EXO at JFK Airport Arrival âœˆï¸#EXOrDIUMinNewark https://t.co/msz4eNbZAk	neutral
ã€NEW ARRIVAL ã€‘adidas Freak MAX Football Gloves #adidas#adidasfootball #qbclub #ã‚­ãƒ¥ãƒ¼ãƒ“ã‚£ã‚¯ãƒ©ãƒ– #newarrivalsâ€¦ https://t.co/WbJBi3o2Hx	neutral
Dems shld tellTrump that tax reform is dead on arrival if he doesn't release his tax returns. We need to know how he'll benefit from it	positive
RT @cloud69b: ğŸ’Some markjin sketch moments in arrival era#markjin #mark #jinyoung #fanart #GOT7 https://t.co/lfozd10uf1	neutral
RT @Gurmeetramrahim: #HKNKJreadyToFire Blessings on Makar Sankranti!Mark d arrival of Uttaarayan - auspicious period 4 spiritual practicesâ€¦	neutral
RT @cloud69b: ğŸ’Some markjin sketch moments in arrival era#markjin #mark #jinyoung #fanart #GOT7 https://t.co/lfozd10uf1	neutral
RT @cloud69b: ğŸ’Some markjin sketch moments in arrival era#markjin #mark #jinyoung #fanart #GOT7 https://t.co/lfozd10uf1	neutral
Cayman Islands to introduce duty free on arrival at the airport..... https://t.co/NCxklh8hV3	neutral
thanking the Lord up above for late arrival!!!	neutral
â€” flight log: arrivalfave: paradiseleast fave: outunderrated: go higheroverrated: never ever	neutral
RT @ulalaunch: Congrats to @OrbitalATK & @NASA on #Cygnusâ€™ arrival at @Space_Station! Another 360 view of launch on ULAâ€™s #AtlasV https://tâ€¦	neutral
Red Sox reinforcing the Green Monster ahead of arrival of Aaron Judge and Yankee Wrecking Crew.	neutral
RT @candykirby: A for Alternative FactsB for Bigly UnpopularC for CollusionD for Dead-on-Arrival TrumpcareF for Flip-flopping on Syria,â€¦	neutral
RT @RussAliexpress: https://t.co/9I2fIuP5Jk Special Offers & Big Discount & Promotions #Tidebuy_Special_Offers #New_Arrival_Products #dressâ€¦	neutral
RT @cloud69b: ğŸ’Some markjin sketch moments in arrival era#markjin #mark #jinyoung #fanart #GOT7 https://t.co/lfozd10uf1	neutral
RT @_Phurah: This z a call 4 unity in action 2 correct the historical injustice which befell our country with the arrival of the of 1652'sâ€¦	neutral
RT @MrMenziN: Visa on arrival countries for South African Passport-Holders: https://t.co/X5zdX3Vx6X	neutral
An Old Foe Returns: Arrival of a New Evil by Charles A. Johnson https://t.co/NfQ8uzyfRK via @amazon	neutral
RT @ulalaunch: Congrats to @OrbitalATK & @NASA on #Cygnusâ€™ arrival at @Space_Station! Another 360 view of launch on ULAâ€™s #AtlasV https://tâ€¦	neutral
ã€NEW ARRIVAL ã€‘adidas Freak 3.0 Football Gloves #adidas#adidasfootball#qbclub #ã‚­ãƒ¥ãƒ¼ãƒ“ã‚£ã‚¯ãƒ©ãƒ– #newarrivalsâ€¦ https://t.co/eG51EwO3Kr	neutral
@SkRushHulk Maybe later this week, we can put out a call for Rush fans coming to Saddledome to DM their cell #s. Weâ€¦ https://t.co/7Rcr5rgXgR	neutral
#RO211 Arrival from Bucharest | Scheduled 25-APR 08:45 Gate C3 | REMARK: New time 08:35 (10 min early)	neutral
RT @mystarmyangel: 170424 YoonA Gimpo Airport arrival from Japan by Press (1) https://t.co/UL7sTxn7Ix	neutral
@RuneScape Outside happy hr playable 2 minutes per day. Why put so much effort into dead-on-arrival content? Make it possible to enjoy it.	positive
NEW ARRIVAL_MEN TOPS COLLECTIONS# For more details, please PM to our FB inbox,# To place order : Whatsapp #012-6979344	positive
flight log arrival ;) https://t.co/9aoyudk41M	neutral
RT @crazyrio84: #squadgoals a few more sleeps until the new arrival #baby #newborn #pregnancy https://t.co/0q4r0QS0LQ	neutral
RT @bangtanitl: Press photos of #BTS' arrival at Incheon Airport after completing their activities in Thailand, 170424 https://t.co/maxeLPWâ€¦	neutral
NEW ARRIVAL | BRAND STUF BXR RD - Contact 5BB24605 or text 089668119180 | https://t.co/yWyDN3Z5AJ https://t.co/ojfs7DK9Wo	neutral
New arrival ã€Darjeeling FirstFlush THURBO T.Eã€from INDEA ã€La Theiereã€ã€Tea Speciality Store inâ€¦ https://t.co/Ci2ag9vhjH	neutral
RT @cloud69b: ğŸ’Some markjin sketch moments in arrival era#markjin #mark #jinyoung #fanart #GOT7 https://t.co/lfozd10uf1	neutral
RT @kyungsbaek: 170424 #EXO at JFK Airport Arrival âœˆï¸#EXOrDIUMinNewark https://t.co/msz4eNbZAk	neutral
Date_25_04_2017 20dn Arrival Karachi Cantt At 10:25 Am Late 6 Hour 25 Mint At Plate Form 03 Power 8071 Waseem Kc	neutral
@lizcampbell41 @EasterKeaster21 I won't bring gender into it, but she's one thing on her mind, only one, "Nicola Quâ€¦ https://t.co/QAZmafhN6U	positive
bambam saying ar-rivv-al instead of arrival and youngjae saying a-wee-some instead of awesome is my aesthetic	positive
Nandi: Aspirants apprehension over arrival of election materials https://t.co/nEgq6h904a  #Sortiwa #JubileeNominations	neutral
RT @mystarmyangel: 170424 YoonA Gimpo Airport arrival from Japan by Press (1) https://t.co/UL7sTxn7Ix	neutral
RT @mystarmyangel: [COMPILATION] 170424 YoonA Gimpo Airport arrival from Japan 16P by PressDL: https://t.co/gC9r94d048 https://t.co/bIDsRâ€¦	neutral
2016 New Arrival Men's Royal Blue Suits With Pants Formal Dress Mens Stage We ... https://t.co/sqMWZEqGM4 https://t.co/5gm9329qap	neutral
RT @cloud69b: ğŸ’Some markjin sketch moments in arrival era#markjin #mark #jinyoung #fanart #GOT7 https://t.co/lfozd10uf1	neutral
RT @mystarmyangel: [COMPILATION] 170424 YoonA Gimpo Airport arrival from Japan 16P by PressDL: https://t.co/gC9r94d048 https://t.co/bIDsRâ€¦	neutral
ã€NEW ARRIVAL ã€‘adidas agizero5star 6.0 Football Gloves#adidas#adidasfootball#adizero#qbclub #ã‚­ãƒ¥ãƒ¼ãƒ“ã‚£ã‚¯ãƒ©ãƒ–â€¦ https://t.co/FTiReumPPn	neutral
RT @DestinyTheGame: Lord Saladin prepares for your arrival. Destiny: Rise of Iron will become available at 2AM PDT. https://t.co/8Je1Tuahm3	neutral
.@SnoopDogg has announced the impending arrival of the rapperâ€™s latest album 'Neva Left.' https://t.co/2oobyD5EZ9	neutral
RT @cloud69b: ğŸ’Some markjin sketch moments in arrival era#markjin #mark #jinyoung #fanart #GOT7 https://t.co/lfozd10uf1	neutral
When Excapade message that they have new arrival of Uni (sea urchin) and here I am #excapadeâ€¦ https://t.co/Hr74FjJhZU	neutral
Date_25_04_2017 20dn Arrival Karachi Cantt At 10:25 Am Late 6 Hour 25 Mint At Plate Form 03 Power 8071 Waseem Kc	neutral
28-42 Plus Size 2017 New Arrival Fashion Jeans Menâ€™s Straight Slim Casual Pants Denim JEANâ€¦ https://t.co/RCZrA97sVp https://t.co/85Xwr0mGsj	neutral
Hello! Welcome to our shop! Quality is the primary with finest provider. customers all are our pals. Hot... https://t.co/Az0ood6bXz	positive
Date_25_04_2017 20dn Arrival Karachi Cantt At 10:25 Am Late 6 Hour 25 Mint At Plate Form 03 Power 8071 Waseem Kc	neutral
Size 28 -40 Men Simple Design Jeans Pant New Arrival Black Denim Jeans Men Straight Loose Casual Trousers... https://t.co/uhSuKP86oz	neutral
Size 28 -40 Men Simple Design Jeans Pant New Arrival Black Denim Jeans Men Straight Looseâ€¦ https://t.co/gm81RWlS2g https://t.co/qFfG4jXm8w	neutral
RT @StussyYokohama: NEW ARRIVALWomenBasic Stussy Muscle Tee Â¥5,800+tax https://t.co/X08GURzkBO	neutral
RT @bangtanitl: Press photos of #BTS' arrival at Incheon Airport after completing their activities in Thailand, 170424 https://t.co/maxeLPWâ€¦	neutral
@RailMinIndia @Amitran48831595 @IR_EDCHG @drmncrald T NO 12401 UP ALWAYS RESCHEDULED DUE TO LATE ARRIVAL OF LINK RAâ€¦ https://t.co/C3HqjKSpXc	neutral
Ready got7 arrival 2nd press album, sealed/unsealed 250K/270K , line : piggyven90 https://t.co/lm9Sey8Wtp	positive
RT @bangtanitl: Press photos of #BTS' arrival at Incheon Airport after completing their activities in Thailand, 170424 https://t.co/maxeLPWâ€¦	neutral
RT @cloud69b: ğŸ’Some markjin sketch moments in arrival era#markjin #mark #jinyoung #fanart #GOT7 https://t.co/lfozd10uf1	neutral
RT @cloud69b: ğŸ’Some markjin sketch moments in arrival era#markjin #mark #jinyoung #fanart #GOT7 https://t.co/lfozd10uf1	neutral
RT @ChenderellaGO: 170424 #SEHUN #BAEKHYUN ARRIVAL AT #JFK #EXO #EXORDIUMinNJ #EXOrDIUMinNA https://t.co/Gc5eW8ZQKT	neutral
RT @ottoecho: @DrNabilPaktin Saline microbubbes in left heart within 3 beats of arrival in RA = intracardiac shunt. Late = transpulmonary pâ€¦	neutral
RT @Gurmeetramrahim: #HKNKJreadyToFire Blessings on Makar Sankranti!Mark d arrival of Uttaarayan - auspicious period 4 spiritual practicesâ€¦	neutral
RT @jj_atk: Me: So beautiful ğŸ˜ğŸ˜­My #GOT7 #ARRIVAL albums completed âœ… Family: ğŸ˜ğŸ˜±ğŸ¤”ğŸ˜¤ğŸ˜’Me: Goals & ğŸ˜Š https://t.co/wRebXcv9LD	positive
RT @cloud69b: ğŸ’Some markjin sketch moments in arrival era#markjin #mark #jinyoung #fanart #GOT7 https://t.co/lfozd10uf1	neutral
RT @bangtanitl: Press photos of #BTS' arrival at Incheon Airport after completing their activities in Thailand, 170424 https://t.co/maxeLPWâ€¦	neutral
RT @TheSharkDaymond: The more you endure on your journey, the sweeter the arrival to your destination. @Drake #MogulsMonday https://t.co/otâ€¦	neutral
Date_25_04_2017 04dn Arrival Karachi Cantt At 10:10 Am Late 3 Hour 10 Mint At Plate Form 01 Power 6417 Waseem Kc	neutral
RT @bangtanitl: Press photos of #BTS' arrival at Incheon Airport after completing their activities in Thailand, 170424 https://t.co/maxeLPWâ€¦	neutral
RT @EXOxKLM: [PREVIEW] 170424 EXO at JFK Airport Arrival - Suhocr. snowflake_boy-KM https://t.co/rydUkMetKg	neutral
RT @kyungsbaek: 170424 #EXO at JFK Airport Arrival âœˆï¸#EXOrDIUMinNewark https://t.co/msz4eNbZAk	neutral
RT @bangtanitl: Press photos of #BTS' arrival at Incheon Airport after completing their activities in Thailand, 170424 https://t.co/maxeLPWâ€¦	neutral
Thanks for the beautiful sunset on arrival Venus Bay, our home for the next 3 nights :)â€¦ https://t.co/qClg6zVPEW	positive
RT @fucKINGjiyong: ğŸ¥ GOT7 GIVEAWAY ğŸ¥follow all the rules:prize: Flight Log: Arrival albumill be choosing 2 winners ğŸ’šâ¤ï¸good luck! #GOT7â€¦	positive
RT @choiyje: POARRIVAL 2nd Press195KTURBULENCE Unsealed FULLSET160KGOT7 GOTOON DOLL450KSLOGAN:Solenote260kDefjayb300kI9940I06â€¦	neutral
The Best Selection:Ray Clarke - Airport (Arrival Mix)RT & Follow #House #Musichttps://t.co/elXUvcBhlC	positive
RT @kyungsbaek: 170424 #EXO at JFK Airport Arrival âœˆï¸#EXOrDIUMinNewark https://t.co/msz4eNbZAk	neutral
RT @GOT7Official: GOT7 "Never Ever" Dance Practicehttps://t.co/mEgQMRy2AC#GOT7 #ê°“ì„¸ë¸#FLIGHTLOG #ARRIVAL #NeverEver	neutral
RT @cloud69b: ğŸ’Some markjin sketch moments in arrival era#markjin #mark #jinyoung #fanart #GOT7 https://t.co/lfozd10uf1	neutral
RT @cloud69b: ğŸ’Some markjin sketch moments in arrival era#markjin #mark #jinyoung #fanart #GOT7 https://t.co/lfozd10uf1	neutral
RT @millwalkey88: Early arrival! #btbam #comaeclipticlive https://t.co/38EQd46B8F	neutral
RT @hankypanty: Uber Singapore:Scheduled Arrival: 7 minutes.Arrival: 6 minutes.Uber India.Scheduled Arrival: 7 minutes.Arrival: 6 Fligâ€¦	neutral
RT @flagstonewines: Second #WineJam with @RockwellCPT & @ArtjammingSA happening on Wednesday! Get tickets for R250 @QuicketSA - complimentaâ€¦	neutral
RT @cloud69b: ğŸ’Some markjin sketch moments in arrival era#markjin #mark #jinyoung #fanart #GOT7 https://t.co/lfozd10uf1	neutral
RT @cloud69b: ğŸ’Some markjin sketch moments in arrival era#markjin #mark #jinyoung #fanart #GOT7 https://t.co/lfozd10uf1	neutral
RT @kyungsbaek: 170424 #EXO at JFK Airport Arrival âœˆï¸#EXOrDIUMinNewark https://t.co/msz4eNbZAk	neutral
RT @cloud69b: ğŸ’Some markjin sketch moments in arrival era#markjin #mark #jinyoung #fanart #GOT7 https://t.co/lfozd10uf1	neutral
RT @labeeba94: Waiting for beloved Hazoors arrival.. Hazoor will be arriving any minute now ğŸ‡©ğŸ‡ªğŸ‡¬ğŸ‡§#MasjidFazl https://t.co/3lqUMz9vqK	neutral
RT @BabyBird9394: [RT PLS] Please anyone who has any Arrival cards who is not planning on using them please help me ã… ã…  #GOT7 #ê°“ì„¸ë¸	neutral
My Flight Log: Arrival album has just... arrived lol. Thank you, @seouliteph! â¤ï¸ Also, for the free candy and extraâ€¦ https://t.co/kZWwytgVhV	positive
RT @kyungsbaek: 170424 #EXO at JFK Airport Arrival âœˆï¸#EXOrDIUMinNewark https://t.co/msz4eNbZAk	neutral
RT @cloud69b: ğŸ’Some markjin sketch moments in arrival era#markjin #mark #jinyoung #fanart #GOT7 https://t.co/lfozd10uf1	neutral
RT @jiaervita: IF I GET 199 RTS SHE'LL GET ME FLIGHT LOG: ARRIVAL RT PLEAS EFJKDJD https://t.co/oBIFZJMc38	neutral
RT @cloud69b: ğŸ’Some markjin sketch moments in arrival era#markjin #mark #jinyoung #fanart #GOT7 https://t.co/lfozd10uf1	neutral
RT @kyungsbaek: 170424 #EXO JFK Airport Arrival âœˆï¸#EXOrDIUMinNewark*this was on full zoom I wasn't that close to them https://t.co/pgMLâ€¦	positive
RT @baekxsprouts: rt to win got7's flight log : arrival album // both never & ever cover #GOT7_NeverEver_ì •ì˜¤ê³µê°œ - must be following me so Iâ€¦	neutral
RT @baekxsprouts: rt to win got7's flight log : arrival album // both never & ever cover #GOT7_NeverEver_ì •ì˜¤ê³µê°œ - must be following me so Iâ€¦	neutral
RT @kyungsbaek: 170424 #EXO JFK Airport Arrival âœˆï¸#EXOrDIUMinNewark*this was on full zoom I wasn't that close to them https://t.co/pgMLâ€¦	positive
RT @cloud69b: ğŸ’Some markjin sketch moments in arrival era#markjin #mark #jinyoung #fanart #GOT7 https://t.co/lfozd10uf1	neutral
RT @cloud69b: ğŸ’Some markjin sketch moments in arrival era#markjin #mark #jinyoung #fanart #GOT7 https://t.co/lfozd10uf1	neutral
RT @btsdiary: [Picture/Media] BTS Arrival at Incheon Airport From Bangkok - Thailand [170424] https://t.co/DB5IGts2TJ https://t.co/wuUDDThwâ€¦	neutral
RT @has_hasabala: On arrival as we caught #auspol promised us to be treated with dignity & providing safety,ğŸ–•ğŸ¾this's what we got so far.#â€¦	neutral
Sexy Brazilian Bi...https://t.co/FvSU4yuTzA	neutral
Toyouth 2017 New Arrival Women Summâ€¦https://t.co/Q1xNltWbn1#SuperDeals #AliExpress #SuperDeal #DealsSuper01 https://t.co/wX34o7zmkk	neutral
#TK1081 Arrival from Istanbul Ataturk | Scheduled 25-APR 08:20 Gate C2 | REMARK: New time 08:15 (5 min early)	neutral
RT @jiaervita: IF I GET 199 RTS SHE'LL GET ME FLIGHT LOG: ARRIVAL RT PLEAS EFJKDJD https://t.co/oBIFZJMc38	neutral
RT @candykirby: A for Alternative FactsB for Bigly UnpopularC for CollusionD for Dead-on-Arrival TrumpcareF for Flip-flopping on Syria,â€¦	neutral
RT @cloud69b: ğŸ’Some markjin sketch moments in arrival era#markjin #mark #jinyoung #fanart #GOT7 https://t.co/lfozd10uf1	neutral
RT @cloud69b: ğŸ’Some markjin sketch moments in arrival era#markjin #mark #jinyoung #fanart #GOT7 https://t.co/lfozd10uf1	neutral
new arrival .3D flower motif blouse ğŸŒº https://t.co/Pmk6yLQZlt	neutral
RT @btsdiary: [Picture/Media] BTS Arrival at Incheon Airport From Bangkok - Thailand [170424] https://t.co/DB5IGts2TJ https://t.co/wuUDDThwâ€¦	neutral
RT @cloud69b: ğŸ’Some markjin sketch moments in arrival era#markjin #mark #jinyoung #fanart #GOT7 https://t.co/lfozd10uf1	neutral
NEW ARRIVAL | BIGYOUTH BXR NV - Contact 5BB24605 or text 089668119180 | https://t.co/yWyDN4gGsh https://t.co/nXwKt2z84n	neutral
RT @kyungsbaek: 170424 #EXO at JFK Airport Arrival âœˆï¸#EXOrDIUMinNewark https://t.co/msz4eNbZAk	neutral
RT @cloud69b: ğŸ’Some markjin sketch moments in arrival era#markjin #mark #jinyoung #fanart #GOT7 https://t.co/lfozd10uf1	neutral
666/The Arrival of the False Messiah/False Armageddon https://t.co/apD3awVDAc	neutral
RT @cloud69b: ğŸ’Some markjin sketch moments in arrival era#markjin #mark #jinyoung #fanart #GOT7 https://t.co/lfozd10uf1	neutral
@Phoenix_Forgot 2. No part of Sky Harbor arrival areas are designed like those portrayed 3. Luke AFB doesn't have F18s, they have F15Es.	positive
RT @cloud69b: ğŸ’Some markjin sketch moments in arrival era#markjin #mark #jinyoung #fanart #GOT7 https://t.co/lfozd10uf1	neutral
Checkout one of our New Arrival's the  Bamboo Strappy Wo... at #RichGirlsCloset https://t.co/y3tsnuSK5N	neutral
Date_25_04_2017 04dn Arrival Karachi Cantt At 10:10 Am Late 3 Hour 10 Mint At Plate Form 01 Power 6417 Waseem Kc	neutral
RT @MrMenziN: Visa on arrival countries for South African Passport-Holders: https://t.co/X5zdX3Vx6X	neutral
RT @bangtanitl: Press photos of #BTS' arrival at Incheon Airport after completing their activities in Thailand, 170424 https://t.co/maxeLPWâ€¦	neutral
RT @cloud69b: ğŸ’Some markjin sketch moments in arrival era#markjin #mark #jinyoung #fanart #GOT7 https://t.co/lfozd10uf1	neutral
RT @cloud69b: ğŸ’Some markjin sketch moments in arrival era#markjin #mark #jinyoung #fanart #GOT7 https://t.co/lfozd10uf1	neutral
new arrival .scallop lace blouse ğŸš https://t.co/Eh9YC6p98z	neutral
RT @ellen_andersen1: ğŸ˜ a busy day at work turned into a fairy tale upon arrival at home! ğŸ˜† ..thank you so much for this oh so precious packâ€¦	positive
RT @adrian_leroux: Calm before the storm. #EdenGardens #Kolkata. Early morning arrival in the City of Joy. It's time #IPL2017 @KKRiders #KKâ€¦	positive
04-25 Cycling: 45th Amstel Gold Race 2010 Arrival / Marc... https://t.co/onKwVpXi59 #harma	positive
Fear The Walking Dead will look more like The Walking Dead with the arrival of Scott Gimple? â€“ The Siver Times https://t.co/cPkKAYssBw	negative
RT @cloud69b: ğŸ’Some markjin sketch moments in arrival era#markjin #mark #jinyoung #fanart #GOT7 https://t.co/lfozd10uf1	neutral
ã€New Arrivalã€‘ Smooth Stock S/SL Hood Black,Navy,Pink,Charcoal Greyï¿¥12,800(+tax) https://t.co/NLUcmnwlQX	neutral
RT @cloud69b: ğŸ’Some markjin sketch moments in arrival era#markjin #mark #jinyoung #fanart #GOT7 https://t.co/lfozd10uf1	neutral
RT @okcaptainoats: SCREEN JUNKIES CONTEST ENTRY - Arrival of the Spatulas: https://t.co/MsHVtAk7Kb via @YouTube	neutral
RT @bangtanitl: Press photos of #BTS' arrival at Incheon Airport after completing their activities in Thailand, 170424 https://t.co/maxeLPWâ€¦	neutral
RT @MillennialWaySh: @DeepakChopra is in Colombia!  Before his arrival he talked with the Millennial Way Show. Watch the entire interview hâ€¦	neutral
RT @stighefootball: Roma treating Monchiâ€™s arrival like that of a star player, and so they should: A transfer genius, he could be key to clâ€¦	neutral
RT @baekxsprouts: rt to win got7's flight log : arrival album // both never & ever cover #GOT7_NeverEver_ì •ì˜¤ê³µê°œ - must be following me so Iâ€¦	neutral
RT @MrMenziN: Visa on arrival countries for South African Passport-Holders: https://t.co/X5zdX3Vx6X	neutral
RT @kyungsbaek: 170424 #EXO JFK Airport Arrival âœˆï¸#EXOrDIUMinNewark*this was on full zoom I wasn't that close to them https://t.co/pgMLâ€¦	positive
RT @kyungsbaek: 170424 #EXO at JFK Airport Arrival âœˆï¸#EXOrDIUMinNewark https://t.co/msz4eNbZAk	neutral
Now playing Arrival by Paul Taylor!	neutral
ã€GROK LEATHERã€‘NEW ARRIVALâ€¼ï¸GATE CLIP1 GATE CLIP2LIGHTSIDE NEWTYPEâ€¼ï¸#newarrival #grokleather #japan #utsunomiya... https://t.co/6aJEFdNYlA	neutral
âœ¨âœ¨âœ¨..à¸à¸£à¹‰à¸­à¸¡à¸ªà¹ˆà¸‡..âœ¨âœ¨âœ¨ğŸ‘—ğŸ‘ ..à¸‡à¸²à¸™à¹€à¸à¸£à¸” Mirror..ğŸ‘ ğŸ‘—âœ¨..NEW ARRIVAL  ..âœ¨BRAND : 29NVB..Detail : Dress... https://t.co/xWK90tokjJ	neutral
RT @ITCHotels: Canadian YouTube personality Lilly Singh aka @IISuperwomanII received a warm and traditional welcome on arrival at #ITCGrandâ€¦	neutral
Date_25_04_2017 10dn Arrival Karachi Cantt At 09:25 Am Late 1 Hour 25 Mint At Plate Form 03 Power 6319 Waseem Kc	neutral
RT @kyungsbaek: 170424 #EXO at JFK Airport Arrival âœˆï¸#EXOrDIUMinNewark https://t.co/msz4eNbZAk	neutral
new arrival .rufflecollar blouse ğŸ‡ https://t.co/H1iEHgTh8Z	neutral
RT @kyungsbaek: 170424 #EXO JFK Airport Arrival âœˆï¸#EXOrDIUMinNewark*this was on full zoom I wasn't that close to them https://t.co/pgMLâ€¦	positive
RT @cloud69b: ğŸ’Some markjin sketch moments in arrival era#markjin #mark #jinyoung #fanart #GOT7 https://t.co/lfozd10uf1	neutral
Date_25_04_2017 04dn Arrival Karachi Cantt At 10:10 Am Late 3 Hour 10 Mint At Plate Form 01 Power 6417 Waseem Kc	neutral
RT @dayumexo: wow recent news just claimed americas air is 100x cleaner than it was 3hrs ago because of exos arrival	positive
RT @FarEastAdvTravl: Listening to Earthquake Diaries, Nepal-Documentary Ser... by Far East Adventure Travel https://t.co/30Pk21amey #NepalEâ€¦	neutral
FADED and CAN'T BE TRIPPIN out for listening. "THE ARRIVAL" will be released soon https://t.co/IVHPM5mUx4â€¦ https://t.co/u915kCJ8L4	positive
The USA must end this process be as Iran's #hostage. Jan.17,2016 arrival of some of Americans freed by #Iran in aâ€¦ https://t.co/BG3aZKFR2X	neutral
RT @bangtanitl: Press photos of #BTS' arrival at Incheon Airport after completing their activities in Thailand, 170424 https://t.co/maxeLPWâ€¦	neutral
RT @FarEastAdvTravl: April 25th marks the 2nd anniversary of one of the most devastating earthquakes to ever strike Nepal. The audio... httâ€¦	neutral
New ArrivalNike Womens Free RN Motion Flyknit 2017 - Black/Oreo (880846 001)Boots Dept Priceâ€¦ https://t.co/p26brETXh8	neutral
Date 25_04_2017 Dn Arrival Kc Today 46dn 8222 09:00 Late 1 Hour 45 Mint 26dn 8203 08:35. Late 1 Hour 5 Mint.	neutral
RT @kyungsbaek: 170424 #EXO JFK Airport Arrival âœˆï¸#EXOrDIUMinNewark*this was on full zoom I wasn't that close to them https://t.co/pgMLâ€¦	positive
@Shakugans They did a stopover so i don't think any fans caught them on arrival	neutral
RT @cloud69b: ğŸ’Some markjin sketch moments in arrival era#markjin #mark #jinyoung #fanart #GOT7 https://t.co/lfozd10uf1	neutral
RT @BabyBird9394: [RT PLS] Please anyone who has any Arrival cards who is not planning on using them please help me ã… ã…  #GOT7 #ê°“ì„¸ë¸	neutral
All-new #Suzukiswift arriving in June!https://t.co/dGNGoWAwUP#suzuki #Swift #smallcar https://t.co/D2xTJzzFwi	neutral
A Spirit Airlines Airbus A320 arrival off Runway 25L at Los Angeles... https://t.co/68QyiykONB	neutral
RT @cloud69b: ğŸ’Some markjin sketch moments in arrival era#markjin #mark #jinyoung #fanart #GOT7 https://t.co/lfozd10uf1	neutral
RT @kyungsbaek: 170424 #EXO at JFK Airport Arrival âœˆï¸#EXOrDIUMinNewark https://t.co/msz4eNbZAk	neutral
#squadgoals a few more sleeps until the new arrival #baby #newborn #pregnancy https://t.co/0q4r0QS0LQ	neutral
RT @cloud69b: ğŸ’Some markjin sketch moments in arrival era#markjin #mark #jinyoung #fanart #GOT7 https://t.co/lfozd10uf1	neutral
RT @TheSharkDaymond: The more you endure on your journey, the sweeter the arrival to your destination. @Drake #MogulsMonday https://t.co/otâ€¦	neutral
RT @bangtanitl: Press photos of #BTS' arrival at Incheon Airport after completing their activities in Thailand, 170424 https://t.co/maxeLPWâ€¦	neutral
Late arrival https://t.co/ECPY3TZ2xM	neutral
RT @cloud69b: ğŸ’Some markjin sketch moments in arrival era#markjin #mark #jinyoung #fanart #GOT7 https://t.co/lfozd10uf1	neutral
New ArrivalNike Free RN Motion Flyknit 2017 - Black/Oreo (880845 001)Boots Dept Price :â€¦ https://t.co/JVKAJkTVSR	neutral
Why I'm Breaking Up With #Backpacking - Eternal Arrival https://t.co/BE3gdWlTkM via @eternalarrival	neutral
RT @kyungsbaek: 170424 #EXO at JFK Airport Arrival âœˆï¸#EXOrDIUMinNewark https://t.co/msz4eNbZAk	neutral
RT @Glaiza_Kim20: [PREVIEW] 170414 #BTS ARRIVAL AT INCHEON AIRPORT FROM US CONCERT TOURS #ë°©íƒ„ì†Œë…„ë‹¨ #JIMIN #ì§€ë¯¼Cr. SNIPERJIMIN https://t.co/tuâ€¦	neutral
@johnbiggs #New arrival OnlyÂ $47.99 getÂ google pixel xl battery case 5000mahPromo code: MZTUR3EQhttps://t.co/qaUfAk0fSV	neutral
@Mr_Trout #New arrival OnlyÂ $47.99 getÂ google pixel xl battery case 5000mahPromo code: MZTUR3EQhttps://t.co/qaUfAk0fSV	neutral
RT @mystarmyangel: [COMPILATION] 170424 YoonA Gimpo Airport arrival from Japan 16P by PressDL: https://t.co/gC9r94d048 https://t.co/bIDsRâ€¦	neutral
RT @mystarmyangel: [COMPILATION] 170424 YoonA Gimpo Airport arrival from Japan 16P by PressDL: https://t.co/gC9r94d048 https://t.co/bIDsRâ€¦	neutral
@wmsteele #New arrival OnlyÂ $47.99 getÂ google pixel xl battery case 5000mahPromo code: MZTUR3EQhttps://t.co/qaUfAk0fSV	neutral
RT @kyungsbaek: 170424 #EXO at JFK Airport Arrival âœˆï¸#EXOrDIUMinNewark https://t.co/msz4eNbZAk	neutral
RT @kyungsbaek: 170424 #EXO at JFK Airport Arrival âœˆï¸#EXOrDIUMinNewark https://t.co/msz4eNbZAk	neutral
@jordanrcrook #New arrival OnlyÂ $47.99 getÂ google pixel xl battery case 5000mahPromo code: MZTUR3EQhttps://t.co/qaUfAk0fSV	neutral
@AgentParsec are you going to make more slender games because slender the arrival was awesome	positive
RT @kyungsbaek: 170424 #EXO at JFK Airport Arrival âœˆï¸#EXOrDIUMinNewark https://t.co/msz4eNbZAk	neutral
@TerrenceOBrien #New arrival OnlyÂ $47.99 getÂ google pixel xl battery case 5000mahPromo code: MZTUR3EQhttps://t.co/qaUfAk0fSV	neutral
@defarsoul_ 3 booklets, cd & cd board and 1 random arrival card	neutral
RT @Baejoohyunews: [PREVIEW] 170424 #IRENE #ì•„ì´ë¦° #ë ˆë“œë²¨ë²³ arrival @ ICN Airport from MalaysiaÂ© Be My Brownie https://t.co/S6MkJRuN2F	neutral
âœ¨Peek a Booâœ¨Playful crochet maxi dress new arrival available online @hipknotiesğŸ‘—. Shop fabâ€¦ https://t.co/WgtKN0TPGc	neutral
RT @bangtanitl: Press photos of #BTS' arrival at Incheon Airport after completing their activities in Thailand, 170424 https://t.co/maxeLPWâ€¦	neutral
RT @btsdiary: [Picture/Media] BTS Arrival at Incheon Airport From Bangkok - Thailand [170424] https://t.co/DB5IGts2TJ https://t.co/wuUDDThwâ€¦	neutral
RT @cloud69b: ğŸ’Some markjin sketch moments in arrival era#markjin #mark #jinyoung #fanart #GOT7 https://t.co/lfozd10uf1	neutral
New arrival from Manila ğŸ’“Onhand Crop tops. 100% CottonFits from small to medium size. How to order? Pm me the... https://t.co/aJxL2NLik1	positive
@Tim_Stevens #New arrival OnlyÂ $47.99 getÂ google pixel xl battery case 5000mahPromo code: MZTUR3EQhttps://t.co/qaUfAk0fSV	neutral
