I liked a @YouTube video https://t.co/8AlokAS7Z3 Brain on Fire Trailer #1 (2017) Chlo√´ Grace Moretz Drama Movie HD	positive
RT @ServetusRA: Brain on Fire reviewed in South China Morning post: ‚Äúuncompromisingly bland‚Äù #richardarmitage https://t.co/A4GPlP9s1X	neutral
why is Chloe Grace Moretz playing Susannah in brain on fire üôÑ I'm upset https://t.co/45yU0JFeOd	negative
@netflix Hello,I'd read somewhere that you will show the movie #BrainOnFire Any clue about when that could happen? Thanks	neutral
@terr6210 @SallyMa36678659 @RavnaofErebor He does an excellent job with his roles, sadly we're still waiting for hi‚Ä¶ https://t.co/o6clR2Z7hU	positive
If you have 23 extra minutes and want to set your brain on fire, watch this https://t.co/V6SCGLzMkU	neutral
@MrsKellyPierce Brain on fire	neutral
Laaaawd all this reading and studying got my brain on fire right now.	positive
Film review: Brain on Fire ‚Äì Chloe Grace Moretz confronts rare brain disease in monotonous drama‚Ä¶‚Ä¶ https://t.co/aOQtPq2dPV	positive
brain on fire, üò±	neutral
Yet another reason to dump @netflix after #BrainOnFire premieres: CEO Reed Hastings' Pay Rises to $23.2M in 2016 https://t.co/hlXxF0k26g	neutral
Brain on Fire reviewed in South China Morning post: ‚Äúuncompromisingly bland‚Äù #richardarmitage https://t.co/A4GPlP9s1X	neutral
RT @mooseturds: Another new #RichardArmitage photo from #BrainOnFire. Brace yourself, Tom C. https://t.co/msCxMLeAZc https://t.co/WccVLDmGeM	neutral
lmaooo omg SOS brain on fire	neutral
Chloe Grace Moretez photo of the day: New ‚ÄúBrain on Fire‚Äù Promo Pic https://t.co/yLPtuhLptJ #ChloeGraceMoretz https://t.co/MFzchkJeTH	positive
I liked a @YouTube video https://t.co/ppwobovAUO Brain On Fire Official Trailer (2017) Chlo√´ Grace Moretz, Richard Armitage Movie	positive
#brainonfire I'm glad I read. https://t.co/1xIryhAXrn	positive
RT @EmmaRitchie8: @scahalan would u please retweet my blog to raise awareness.It's about my son.#encephalitis #Awareness #brainonfire https‚Ä¶	neutral
@scahalan would u please retweet my blog to raise awareness.It's about my son.#encephalitis #Awareness #brainonfire https://t.co/HZhDS8uS1l	neutral
trying to write an essay in english about two operas, one czech and the other a mash of italian and japanese. brain on fire.	neutral
RT @HilaryDuff: Taking a moment. Reading brain on fire. Anyone read it? https://t.co/EHNMykpIOD	neutral
.@ChloeGMoretz Poll Result: 74% would watch Brain on Fire if it played in theaters where they live, so all we can h‚Ä¶ https://t.co/KGTJgXuv93	neutral
RT @cgmoretzx: Brain on fire trailer is officially out! Go check it out. https://t.co/BhzH6HZjv4	neutral
Brain on fire	neutral
RT @HilaryDuff: Taking a moment. Reading brain on fire. Anyone read it? https://t.co/EHNMykpIOD	neutral
RT @Decervelage: @Catherine_Asaro @outerplaces Skolian Empire's complex drive sets my geek brain on fire with glee, as Niven's Alderson Poi‚Ä¶	neutral
Have an excellent start of the week #richardarmitage #brainonfire #BerlinStation üíóüíóüíó https://t.co/Pvz6Ygjqjy	positive
45% done with Brain on Fire, by Susannah Cahalan https://t.co/0q4lFpdU4y	neutral
After reading about #seizures in #BrainOnFire I wanted to know more. Check out this article!! #educateyourself https://t.co/cMAc4T8pHd	neutral
Another #RichardArmitage photo from the best scene in Brain on¬†Fire https://t.co/s4FK4DiqfN https://t.co/6FExTbqp1L https://t.co/bOd8roah3s	positive
Has anyone read Brain on Fire? It's being made in to a movie soon.	neutral
A good book and Dunkin's iced mocha. Can't go wrong. #myaddictions #brainonfire #dunkindonuts ‚òïÔ∏èüìñ	positive
@womensmarch Brain on Fire	neutral
Bought the book Brain on Fire at the airport yesterday. It is AMAZING! Can't put it down. Pretty sure I will finish it today. @scahalan	positive
Question someone posed to me set my brain on fire. No need to answer because most can't honestly‚Ä¶ https://t.co/rbLqKpLwPv	positive
It's hard to record when it feels like someone has lit your fucking brain on fire and its bleeding out you eye sockets...but i did it!	positive
brain on fire' by susannah cahalan #DiaDelLibro	neutral
"Brain On Fire" is an incredibly well written true tale of survival by Susannah Cahalan.‚Ä¶ https://t.co/vUnRAwAdZC	positive
23% done with Brain on Fire, by Susannah Cahalan https://t.co/57RovqxsrW	neutral
RT @mooseturds: Another new #RichardArmitage photo from #BrainOnFire. Brace yourself, Tom C. https://t.co/msCxMLeAZc https://t.co/WccVLDmGeM	neutral
5 of 5 stars to Brain on Fire by Susannah Cahalan https://t.co/biyuqmSCNq	neutral
RT @HilaryDuff: Taking a moment. Reading brain on fire. Anyone read it? https://t.co/EHNMykpIOD	neutral
RT @ChloeGMoretz: Thank you #TIFF16 :) couldn't be more proud of our beautiful movie #ANTINMDA #brainonfire https://t.co/rcxPh04caf	positive
Another Richard Armitage photo from the best scene in Brain on Fire üòòüíôhttps://t.co/s4FK4DiqfN... https://t.co/fbLAcF1tvF	positive
Another Richard Armitage photo from the best scene in Brain on Fire ‚ù§üòò://t.co/CsNOG2W05t https://t.co/6FExTbqp1L https://t.co/Wek0Y0JVYf	positive
Ansel Elgort was almost your young Han Solo. Pretty close I'd say. Tough luck, kid. See him soon in Brain On Fire and Baby Driver tho <3	neutral
RT @oskarumbrellas: If Brain on Fire was showing in theaters where you live, would you go watch it? #poll @ChloeGMoretz	neutral
RT @oskarumbrellas: If Brain on Fire was showing in theaters where you live, would you go watch it? #poll @ChloeGMoretz	neutral
If Brain on Fire was showing in theaters where you live, would you go watch it? #poll @ChloeGMoretz	neutral
Can't be easy to replicate seizures. From clips of #BrainOnFire, @ChloeGMoretz does outstanding job of making them seem realistic. Gifted.	positive
I just saw that they're coming out with a movie for the book Brain On Fire and I cannot wait to see it.	neutral
@AntLeeMe123 The Gifts of Imperfection by Bene Brown. Also Brain on Fire by Susannah Cahalan.	neutral
Chloe Moretz at the Brain on Fire Premiere During Toronto International Film Festival https://t.co/kJNuxcP93U #ChloeMoretz	neutral
RT @mooseturds: New #RichardArmitage pic from #BrainOnFire at https://t.co/ot2gGRlv1N https://t.co/xR12tfDHqt	neutral
RT @UltraVeloce: Some new hi-res pic of Brain of Fire. #RichardArmitage Source : https://t.co/iDEdCvlGXp https://t.co/yqY4UXu9On	neutral
RT @mooseturds: Another new #RichardArmitage photo from #BrainOnFire. Brace yourself, Tom C. https://t.co/msCxMLeAZc https://t.co/WccVLDmGeM	neutral
RT @mooseturds: New #RichardArmitage pic from #BrainOnFire at https://t.co/ot2gGRlv1N https://t.co/xR12tfDHqt	neutral
@ChloeGMoretz  what happened to brain on fire I look it up but it ses it is out but I can't find it	positive
RT @mooseturds: Another new #RichardArmitage photo from #BrainOnFire. Brace yourself, Tom C. https://t.co/msCxMLeAZc https://t.co/WccVLDmGeM	neutral
@jhezser At least one... *sigh* .. missed even Brain on fire, Im not in Bulgaria..	neutral
RT @GladyRoland: Praying to see these movies someday! üôèüèª#UrbanAndTheShedCrew #Pilgrimage #BrainOnFire #Skeepwalker #RichardArmitage https:/‚Ä¶	neutral
RT @GladyRoland: Praying to see these movies someday! üôèüèª#UrbanAndTheShedCrew #Pilgrimage #BrainOnFire #Skeepwalker #RichardArmitage https:/‚Ä¶	neutral
RT @GladyRoland: Praying to see these movies someday! üôèüèª#UrbanAndTheShedCrew #Pilgrimage #BrainOnFire #Skeepwalker #RichardArmitage https:/‚Ä¶	neutral
RT @mooseturds: New #RichardArmitage pic from #BrainOnFire at https://t.co/ot2gGRlv1N https://t.co/xR12tfDHqt	neutral
RT @GladyRoland: Praying to see these movies someday! üôèüèª#UrbanAndTheShedCrew #Pilgrimage #BrainOnFire #Skeepwalker #RichardArmitage https:/‚Ä¶	neutral
RT @GladyRoland: Praying to see these movies someday! üôèüèª#UrbanAndTheShedCrew #Pilgrimage #BrainOnFire #Skeepwalker #RichardArmitage https:/‚Ä¶	neutral
RT @mooseturds: Another new #RichardArmitage photo from #BrainOnFire. Brace yourself, Tom C. https://t.co/msCxMLeAZc https://t.co/WccVLDmGeM	neutral
RT @oskarumbrellas: Also found these nice Thai promotional pictures from Brain on Fire with @ChloeGMoretz on the official Thai distributor'‚Ä¶	positive
RT @oskarumbrellas: More amazing Brain on Fire promotional pictures with @ChloeGMoretz Vietnam - Apr 21Hong Kong - Apr 27Singapore - Ma‚Ä¶	positive
RT @GladyRoland: Praying to see these movies someday! üôèüèª#UrbanAndTheShedCrew #Pilgrimage #BrainOnFire #Skeepwalker #RichardArmitage https:/‚Ä¶	neutral
RT @AKA_Javier: Brain on fire	neutral
RT @MichaelMillan_: Can't wait to see this #BrainOnFire https://t.co/9qice3JiGA	positive
RT @stiofandafyyd: .@ChloeGMoretz Seeing #BrainOnFire stills just makes me even more excited to see your performance :) Hope it'll get rele‚Ä¶	positive
RT @stiofandafyyd: .@ChloeGMoretz Seeing #BrainOnFire stills just makes me even more excited to see your performance :) Hope it'll get rele‚Ä¶	positive
RT @HilaryDuff: Taking a moment. Reading brain on fire. Anyone read it? https://t.co/EHNMykpIOD	neutral
.@ChloeGMoretz Seeing #BrainOnFire stills just makes me even more excited to see your performance :) Hope it'll get‚Ä¶ https://t.co/aDt3Ka0uha	positive
RT @GladyRoland: Praying to see these movies someday! üôèüèª#UrbanAndTheShedCrew #Pilgrimage #BrainOnFire #Skeepwalker #RichardArmitage https:/‚Ä¶	neutral
RT @mooseturds: Another new #RichardArmitage photo from #BrainOnFire. Brace yourself, Tom C. https://t.co/msCxMLeAZc https://t.co/WccVLDmGeM	neutral
RT @GladyRoland: Praying to see these movies someday! üôèüèª#UrbanAndTheShedCrew #Pilgrimage #BrainOnFire #Skeepwalker #RichardArmitage https:/‚Ä¶	neutral
RT @ServetusRA: Another Richard Armitage photo from the best scene in Brain on¬†Fire https://t.co/CsNOG2W05t https://t.co/Ik6bzuGVjz	positive
RT @UltraVeloce: Some new hi-res pic of Brain of Fire. #RichardArmitage Source : https://t.co/iDEdCvlGXp https://t.co/yqY4UXu9On	neutral
RT @chloemetzger: On page 80 of 224 of Brain On Fire, by Susannah Cahalan https://t.co/U7erzKPKed	neutral
RT @anumkhaleeq88: 5 Ways You Can Use Mindfulness To Fix Your Brainhttps://t.co/dIkixnOMEE#sciencematters #mindfulness #BrainOnFire #life‚Ä¶	neutral
RT @mooseturds: New #RichardArmitage pic from #BrainOnFire at https://t.co/ot2gGRlv1N https://t.co/xR12tfDHqt	neutral
RT @UltraVeloce: Some new hi-res pic of Brain of Fire. #RichardArmitage Source : https://t.co/iDEdCvlGXp https://t.co/yqY4UXu9On	neutral
RT @oskarumbrellas: Also found these nice Thai promotional pictures from Brain on Fire with @ChloeGMoretz on the official Thai distributor'‚Ä¶	positive
RT @mooseturds: Another new #RichardArmitage photo from #BrainOnFire. Brace yourself, Tom C. https://t.co/msCxMLeAZc https://t.co/WccVLDmGeM	neutral
RT @oskarumbrellas: Also found these in-movie Brain on Fire stills w/ @ChloeGMoretz on the official Vietnamese distributors facebook, so th‚Ä¶	neutral
RT @oskarumbrellas: Also found these nice Thai promotional pictures from Brain on Fire with @ChloeGMoretz on the official Thai distributor'‚Ä¶	positive
RT @oskarumbrellas: More amazing Brain on Fire promotional pictures with @ChloeGMoretz Vietnam - Apr 21Hong Kong - Apr 27Singapore - Ma‚Ä¶	positive
RT @GladyRoland: Praying to see these movies someday! üôèüèª#UrbanAndTheShedCrew #Pilgrimage #BrainOnFire #Skeepwalker #RichardArmitage https:/‚Ä¶	neutral
RT @GladyRoland: Praying to see these movies someday! üôèüèª#UrbanAndTheShedCrew #Pilgrimage #BrainOnFire #Skeepwalker #RichardArmitage https:/‚Ä¶	neutral
RT @mooseturds: Another new #RichardArmitage photo from #BrainOnFire. Brace yourself, Tom C. https://t.co/msCxMLeAZc https://t.co/WccVLDmGeM	neutral
RT @UltraVeloce: Some new hi-res pic of Brain of Fire. #RichardArmitage Source : https://t.co/iDEdCvlGXp https://t.co/yqY4UXu9On	neutral
RT @mooseturds: Another new #RichardArmitage photo from #BrainOnFire. Brace yourself, Tom C. https://t.co/msCxMLeAZc https://t.co/WccVLDmGeM	neutral
RT @GladyRoland: Praying to see these movies someday! üôèüèª#UrbanAndTheShedCrew #Pilgrimage #BrainOnFire #Skeepwalker #RichardArmitage https:/‚Ä¶	neutral
RT @UltraVeloce: Some new hi-res pic of Brain of Fire. #RichardArmitage Source : https://t.co/iDEdCvlGXp https://t.co/yqY4UXu9On	neutral
RT @mooseturds: Another new #RichardArmitage photo from #BrainOnFire. Brace yourself, Tom C. https://t.co/msCxMLeAZc https://t.co/WccVLDmGeM	neutral
RT @mooseturds: New #RichardArmitage pic from #BrainOnFire at https://t.co/ot2gGRlv1N https://t.co/xR12tfDHqt	neutral
RT @mooseturds: New #RichardArmitage pic from #BrainOnFire at https://t.co/ot2gGRlv1N https://t.co/xR12tfDHqt	neutral
RT @oskarumbrellas: Also found these nice Thai promotional pictures from Brain on Fire with @ChloeGMoretz on the official Thai distributor'‚Ä¶	positive
RT @oskarumbrellas: Also found these in-movie Brain on Fire stills w/ @ChloeGMoretz on the official Vietnamese distributors facebook, so th‚Ä¶	neutral
RT @oskarumbrellas: More amazing Brain on Fire promotional pictures with @ChloeGMoretz Vietnam - Apr 21Hong Kong - Apr 27Singapore - Ma‚Ä¶	positive
regram moretznewCan't wait to watch Brain on fire (trailer in bio) üé¨üòòüî•üòçüíØ #chloegracemoretz‚Ä¶ https://t.co/KJrQkx6D3O	positive
RT @oskarumbrellas: More amazing Brain on Fire promotional pictures with @ChloeGMoretz Vietnam - Apr 21Hong Kong - Apr 27Singapore - Ma‚Ä¶	positive
RT @mooseturds: Another new #RichardArmitage photo from #BrainOnFire. Brace yourself, Tom C. https://t.co/msCxMLeAZc https://t.co/WccVLDmGeM	neutral
RT @ServetusRA: Another Richard Armitage photo from the best scene in Brain on¬†Fire https://t.co/CsNOG2W05t https://t.co/Ik6bzuGVjz	positive
RT @mooseturds: New #RichardArmitage pic from #BrainOnFire at https://t.co/ot2gGRlv1N https://t.co/xR12tfDHqt	neutral
RT @mooseturds: Another new #RichardArmitage photo from #BrainOnFire. Brace yourself, Tom C. https://t.co/msCxMLeAZc https://t.co/WccVLDmGeM	neutral
RT @mooseturds: Another new #RichardArmitage photo from #BrainOnFire. Brace yourself, Tom C. https://t.co/msCxMLeAZc https://t.co/WccVLDmGeM	neutral
RT @GladyRoland: Praying to see these movies someday! üôèüèª#UrbanAndTheShedCrew #Pilgrimage #BrainOnFire #Skeepwalker #RichardArmitage https:/‚Ä¶	neutral
RT @GladyRoland: Praying to see these movies someday! üôèüèª#UrbanAndTheShedCrew #Pilgrimage #BrainOnFire #Skeepwalker #RichardArmitage https:/‚Ä¶	neutral
RT @ChloeGMoratz: #BrainOnFire @thomas_mann @gerardkbarrett This movie is going to blow. Why? Three words: Chloe Grace Moretz. https://t.co‚Ä¶	positive
RT @mooseturds: Another new #RichardArmitage photo from #BrainOnFire. Brace yourself, Tom C. https://t.co/msCxMLeAZc https://t.co/WccVLDmGeM	neutral
RT @RCArmitageTH: Another shot from Bday party scene. #brainonfire cr. https://t.co/X1jIeNiMh8 https://t.co/xZJJFsLaqc	neutral
RT @mooseturds: New #RichardArmitage pic from #BrainOnFire at https://t.co/ot2gGRlv1N https://t.co/xR12tfDHqt	neutral
@oskarumbrellas @ChloeGMoretz üê¶three dot nice style tattoo,love this! brain on fire must be very most emotional Chlo is best‚úåÔ∏è‚ò∫Ô∏èüíß	positive
RT @GladyRoland: Praying to see these movies someday! üôèüèª#UrbanAndTheShedCrew #Pilgrimage #BrainOnFire #Skeepwalker #RichardArmitage https:/‚Ä¶	neutral
RT @mooseturds: Another new #RichardArmitage photo from #BrainOnFire. Brace yourself, Tom C. https://t.co/msCxMLeAZc https://t.co/WccVLDmGeM	neutral
RT @oskarumbrellas: Also found these nice Thai promotional pictures from Brain on Fire with @ChloeGMoretz on the official Thai distributor'‚Ä¶	positive
RT @GladyRoland: Praying to see these movies someday! üôèüèª#UrbanAndTheShedCrew #Pilgrimage #BrainOnFire #Skeepwalker #RichardArmitage https:/‚Ä¶	neutral
RT @GladyRoland: Praying to see these movies someday! üôèüèª#UrbanAndTheShedCrew #Pilgrimage #BrainOnFire #Skeepwalker #RichardArmitage https:/‚Ä¶	neutral
RT @mooseturds: New #RichardArmitage pic from #BrainOnFire at https://t.co/ot2gGRlv1N https://t.co/xR12tfDHqt	neutral
RT @oskarumbrellas: More amazing Brain on Fire promotional pictures with @ChloeGMoretz Vietnam - Apr 21Hong Kong - Apr 27Singapore - Ma‚Ä¶	positive
RT @mooseturds: New #RichardArmitage pic from #BrainOnFire at https://t.co/ot2gGRlv1N https://t.co/xR12tfDHqt	neutral
RT @GladyRoland: Praying to see these movies someday! üôèüèª#UrbanAndTheShedCrew #Pilgrimage #BrainOnFire #Skeepwalker #RichardArmitage https:/‚Ä¶	neutral
RT @mooseturds: Another new #RichardArmitage photo from #BrainOnFire. Brace yourself, Tom C. https://t.co/msCxMLeAZc https://t.co/WccVLDmGeM	neutral
Another Richard Armitage photo from the best scene in Brain on Fire  i'm waiting to see it. https://t.co/5jJtKKsvhN via @ServetusRA	positive
@funtcake Brain,on fire:new phone,who dis?	neutral
RT @oskarumbrellas: More amazing Brain on Fire promotional pictures with @ChloeGMoretz Vietnam - Apr 21Hong Kong - Apr 27Singapore - Ma‚Ä¶	positive
RT @mooseturds: Another new #RichardArmitage photo from #BrainOnFire. Brace yourself, Tom C. https://t.co/msCxMLeAZc https://t.co/WccVLDmGeM	neutral
RT @ServetusRA: Brain on Fire hits Hong Kong #richardarmitage https://t.co/exSXTZVzjd https://t.co/Z8Hc2eySft	neutral
RT @ServetusRA: Another Richard Armitage photo from the best scene in Brain on¬†Fire https://t.co/CsNOG2W05t https://t.co/Ik6bzuGVjz	positive
Praying to see these movies someday! üôèüèª#UrbanAndTheShedCrew #Pilgrimage #BrainOnFire #Skeepwalker #RichardArmitage https://t.co/DViV3Uq048	neutral
RT @UltraVeloce: Some new hi-res pic of Brain of Fire. #RichardArmitage Source : https://t.co/iDEdCvlGXp https://t.co/yqY4UXu9On	neutral
RT @oskarumbrellas: More amazing Brain on Fire promotional pictures with @ChloeGMoretz Vietnam - Apr 21Hong Kong - Apr 27Singapore - Ma‚Ä¶	positive
RT @UltraVeloce: Some new hi-res pic of Brain of Fire. #RichardArmitage Source : https://t.co/iDEdCvlGXp https://t.co/yqY4UXu9On	neutral
RT @mooseturds: Another new #RichardArmitage photo from #BrainOnFire. Brace yourself, Tom C. https://t.co/msCxMLeAZc https://t.co/WccVLDmGeM	neutral
RT @mooseturds: Another new #RichardArmitage photo from #BrainOnFire. Brace yourself, Tom C. https://t.co/msCxMLeAZc https://t.co/WccVLDmGeM	neutral
RT @mooseturds: New #RichardArmitage pic from #BrainOnFire at https://t.co/ot2gGRlv1N https://t.co/xR12tfDHqt	neutral
RT @RCArmitageTH: Another shot from Bday party scene. #brainonfire cr. https://t.co/X1jIeNiMh8 https://t.co/xZJJFsLaqc	neutral
Brain on fire has been released and I didn't get any sense it was on cinema. Huhu I've been waiting this Chloe's movie since last year üòî	positive
RT @mooseturds: Another new #RichardArmitage photo from #BrainOnFire. Brace yourself, Tom C. https://t.co/msCxMLeAZc https://t.co/WccVLDmGeM	neutral
RT @oskarumbrellas: Found some new HQ Brain on Fire promo pictures with @ChloeGMoretz  Vietnam - Apr 21Hong Kong - Apr 27Singapore - Ma‚Ä¶	neutral
RT @mooseturds: Another new #RichardArmitage photo from #BrainOnFire. Brace yourself, Tom C. https://t.co/msCxMLeAZc https://t.co/WccVLDmGeM	neutral
RT @oskarumbrellas: Found some new HQ Brain on Fire promo pictures with @ChloeGMoretz  Vietnam - Apr 21Hong Kong - Apr 27Singapore - Ma‚Ä¶	neutral
RT @RCArmitageTH: Another shot from Bday party scene. #brainonfire cr. https://t.co/X1jIeNiMh8 https://t.co/xZJJFsLaqc	neutral
RT @ServetusRA: Another Richard Armitage photo from the best scene in Brain on¬†Fire https://t.co/CsNOG2W05t https://t.co/Ik6bzuGVjz	positive
Another shot from Bday party scene. #brainonfire cr. https://t.co/X1jIeNiMh8 https://t.co/xZJJFsLaqc	neutral
RT @mooseturds: Another new #RichardArmitage photo from #BrainOnFire. Brace yourself, Tom C. https://t.co/msCxMLeAZc https://t.co/WccVLDmGeM	neutral
RT @mooseturds: Another new #RichardArmitage photo from #BrainOnFire. Brace yourself, Tom C. https://t.co/msCxMLeAZc https://t.co/WccVLDmGeM	neutral
RT @mooseturds: Another new #RichardArmitage photo from #BrainOnFire. Brace yourself, Tom C. https://t.co/msCxMLeAZc https://t.co/WccVLDmGeM	neutral
RT @UltraVeloce: Some new hi-res pic of Brain of Fire. #RichardArmitage Source : https://t.co/iDEdCvlGXp https://t.co/yqY4UXu9On	neutral
RT @mooseturds: Another new #RichardArmitage photo from #BrainOnFire. Brace yourself, Tom C. https://t.co/msCxMLeAZc https://t.co/WccVLDmGeM	neutral
RT @mooseturds: Another new #RichardArmitage photo from #BrainOnFire. Brace yourself, Tom C. https://t.co/msCxMLeAZc https://t.co/WccVLDmGeM	neutral
RT @mooseturds: Another new #RichardArmitage photo from #BrainOnFire. Brace yourself, Tom C. https://t.co/msCxMLeAZc https://t.co/WccVLDmGeM	neutral
RT @oskarumbrellas: Also found these in-movie Brain on Fire stills w/ @ChloeGMoretz on the official Vietnamese distributors facebook, so th‚Ä¶	neutral
RT @oskarumbrellas: Also found these nice Thai promotional pictures from Brain on Fire with @ChloeGMoretz on the official Thai distributor'‚Ä¶	positive
RT @oskarumbrellas: More amazing Brain on Fire promotional pictures with @ChloeGMoretz Vietnam - Apr 21Hong Kong - Apr 27Singapore - Ma‚Ä¶	positive
RT @HilaryDuff: Taking a moment. Reading brain on fire. Anyone read it? https://t.co/EHNMykpIOD	neutral
RT @UltraVeloce: Some new hi-res pic of Brain of Fire. #RichardArmitage Source : https://t.co/iDEdCvlGXp https://t.co/yqY4UXu9On	neutral
RT @mooseturds: Another new #RichardArmitage photo from #BrainOnFire. Brace yourself, Tom C. https://t.co/msCxMLeAZc https://t.co/WccVLDmGeM	neutral
@mooseturds *no dishes were harmed in the making of Brain on Fire* ok maybe a few. Ok ok a lot. But their sacrifice‚Ä¶ https://t.co/puWG7SGil1	neutral
The Wine's Too Close to the Stove #RichardArmitage #BrainOnFire https://t.co/RQV112wlDI	neutral
Chloe Moretz at the Brain on Fire Premiere During Toronto International Film Festival https://t.co/3esE4FbAjj #ChloeMoretz	neutral
RT @oskarumbrellas: Is that Pearl, @ChloeGMoretz?Is Pearl in Brain on Fire, or is this behind the scenes? üêïü§îüòÉ https://t.co/yJ8XewHezg	positive
RT @oskarumbrellas: Found some new HQ Brain on Fire promo pictures with @ChloeGMoretz  Vietnam - Apr 21Hong Kong - Apr 27Singapore - Ma‚Ä¶	neutral
RT @mooseturds: Another new #RichardArmitage photo from #BrainOnFire. Brace yourself, Tom C. https://t.co/msCxMLeAZc https://t.co/WccVLDmGeM	neutral
RT @mooseturds: Another new #RichardArmitage photo from #BrainOnFire. Brace yourself, Tom C. https://t.co/msCxMLeAZc https://t.co/WccVLDmGeM	neutral
Another Richard Armitage photo from the best scene in Brain on¬†Fire https://t.co/CsNOG2W05t https://t.co/Ik6bzuGVjz	positive
RT @mooseturds: Another new #RichardArmitage photo from #BrainOnFire. Brace yourself, Tom C. https://t.co/msCxMLeAZc https://t.co/WccVLDmGeM	neutral
Another new #RichardArmitage photo from #BrainOnFire. Brace yourself, Tom C. https://t.co/msCxMLeAZc https://t.co/WccVLDmGeM	neutral
RT @oskarumbrellas: Also found these in-movie Brain on Fire stills w/ @ChloeGMoretz on the official Vietnamese distributors facebook, so th‚Ä¶	neutral
RT @oskarumbrellas: Also found these nice Thai promotional pictures from Brain on Fire with @ChloeGMoretz on the official Thai distributor'‚Ä¶	positive
RT @oskarumbrellas: More amazing Brain on Fire promotional pictures with @ChloeGMoretz Vietnam - Apr 21Hong Kong - Apr 27Singapore - Ma‚Ä¶	positive
RT @oskarumbrellas: Also found these nice Thai promotional pictures from Brain on Fire with @ChloeGMoretz on the official Thai distributor'‚Ä¶	positive
RT @oskarumbrellas: Also found these in-movie Brain on Fire stills w/ @ChloeGMoretz on the official Vietnamese distributors facebook, so th‚Ä¶	neutral
RT @oskarumbrellas: Also found these nice Thai promotional pictures from Brain on Fire with @ChloeGMoretz on the official Thai distributor'‚Ä¶	positive
RT @oskarumbrellas: More amazing Brain on Fire promotional pictures with @ChloeGMoretz Vietnam - Apr 21Hong Kong - Apr 27Singapore - Ma‚Ä¶	positive
RT @oskarumbrellas: Also found these in-movie Brain on Fire stills w/ @ChloeGMoretz on the official Vietnamese distributors facebook, so th‚Ä¶	neutral
RT @oskarumbrellas: More amazing Brain on Fire promotional pictures with @ChloeGMoretz Vietnam - Apr 21Hong Kong - Apr 27Singapore - Ma‚Ä¶	positive
RT @oskarumbrellas: Also found these nice Thai promotional pictures from Brain on Fire with @ChloeGMoretz on the official Thai distributor'‚Ä¶	positive
RT @oskarumbrellas: Also found these in-movie Brain on Fire stills w/ @ChloeGMoretz on the official Vietnamese distributors facebook, so th‚Ä¶	neutral
Also found these in-movie Brain on Fire stills w/ @ChloeGMoretz on the official Vietnamese distributors facebook, s‚Ä¶ https://t.co/C5alui4R4p	neutral
RT @oskarumbrellas: Also found these nice Thai promotional pictures from Brain on Fire with @ChloeGMoretz on the official Thai distributor'‚Ä¶	positive
Also found these nice Thai promotional pictures from Brain on Fire with @ChloeGMoretz on the official Thai distribu‚Ä¶ https://t.co/YPOq52roDk	positive
RT @mooseturds: New #RichardArmitage pic from #BrainOnFire at https://t.co/ot2gGRlv1N https://t.co/xR12tfDHqt	neutral
RT @oskarumbrellas: More amazing Brain on Fire promotional pictures with @ChloeGMoretz Vietnam - Apr 21Hong Kong - Apr 27Singapore - Ma‚Ä¶	positive
RT @UltraVeloce: Some new hi-res pic of Brain of Fire. #RichardArmitage Source : https://t.co/iDEdCvlGXp https://t.co/yqY4UXu9On	neutral
RT @oskarumbrellas: More amazing Brain on Fire promotional pictures with @ChloeGMoretz Vietnam - Apr 21Hong Kong - Apr 27Singapore - Ma‚Ä¶	positive
More amazing Brain on Fire promotional pictures with @ChloeGMoretz Vietnam - Apr 21Hong Kong - Apr 27Singapore‚Ä¶ https://t.co/rmxJpVatOw	positive
RT @mooseturds: New #RichardArmitage pic from #BrainOnFire at https://t.co/ot2gGRlv1N https://t.co/xR12tfDHqt	neutral
RT @oskarumbrellas: A couple more awesome Brain on Fire promo pictures with @ChloeGMoretz Vietnam - Apr 21Hong Kong - Apr 27Singapore -‚Ä¶	positive
RT @oskarumbrellas: Is that Pearl, @ChloeGMoretz?Is Pearl in Brain on Fire, or is this behind the scenes? üêïü§îüòÉ https://t.co/yJ8XewHezg	positive
Can't wait to see this #BrainOnFire https://t.co/9qice3JiGA	positive
RT @UltraVeloce: Some new hi-res pic of Brain of Fire. #RichardArmitage Source : https://t.co/iDEdCvlGXp https://t.co/yqY4UXu9On	neutral
RT @oskarumbrellas: A couple more awesome Brain on Fire promo pictures with @ChloeGMoretz Vietnam - Apr 21Hong Kong - Apr 27Singapore -‚Ä¶	positive
RT @HilaryDuff: Taking a moment. Reading brain on fire. Anyone read it? https://t.co/EHNMykpIOD	neutral
Smt that chem have my brain on fire	neutral
RT @mooseturds: New #RichardArmitage pic from #BrainOnFire at https://t.co/ot2gGRlv1N https://t.co/xR12tfDHqt	neutral
RT @ServetusRA: Brain on Fire hits Hong Kong #richardarmitage https://t.co/exSXTZVzjd https://t.co/Z8Hc2eySft	neutral
RT @UltraVeloce: Some new hi-res pic of Brain of Fire. #RichardArmitage Source : https://t.co/iDEdCvlGXp https://t.co/yqY4UXu9On	neutral
RT @UltraVeloce: Some new hi-res pic of Brain of Fire. #RichardArmitage Source : https://t.co/iDEdCvlGXp https://t.co/yqY4UXu9On	neutral
RT @mooseturds: New #RichardArmitage pic from #BrainOnFire at https://t.co/ot2gGRlv1N https://t.co/xR12tfDHqt	neutral
RT @UltraVeloce: Some new hi-res pic of Brain of Fire. #RichardArmitage Source : https://t.co/iDEdCvlGXp https://t.co/yqY4UXu9On	neutral
RT @MatiasFmatias: Great screen caps. #BrainOnFire #RichardArmitage @RCArmitage @ChloeGMoretz https://t.co/M3n8cXqPEx https://t.co/6MRcc4rR‚Ä¶	positive
RT @mooseturds: New #RichardArmitage pic from #BrainOnFire at https://t.co/ot2gGRlv1N https://t.co/xR12tfDHqt	neutral
RT @ServetusRA: Brain on Fire hits Hong Kong #richardarmitage https://t.co/exSXTZVzjd https://t.co/Z8Hc2eySft	neutral
Great screen caps. #BrainOnFire #RichardArmitage @RCArmitage @ChloeGMoretz https://t.co/M3n8cXqPEx https://t.co/6MRcc4rREf	positive
RT @mooseturds: New #RichardArmitage pic from #BrainOnFire at https://t.co/ot2gGRlv1N https://t.co/xR12tfDHqt	neutral
regram https://t.co/1jYBFwbnTP@chloegmoretz Brain on Fire...@brooklynbeckham‚Ä¶ https://t.co/ODFH0UJeck	neutral
RT @ServetusRA: Brain on Fire hits Hong Kong #richardarmitage https://t.co/exSXTZVzjd https://t.co/Z8Hc2eySft	neutral
.@DailyMailCeleb strikes again! It's "Brain on Fire," not "Brian on Fire," and it's a memoir, not a novel.https://t.co/aqPZGDBPOu	neutral
@scahalan how did you decide length and like what was your writing process when writing brain on fire? Any tips? Thanks!	neutral
I think it's a new one, no? #RichardArmitage #BrainOnFire https://t.co/YYmM1LDOnD	neutral
RT @mooseturds: New #RichardArmitage pic from #BrainOnFire at https://t.co/ot2gGRlv1N https://t.co/xR12tfDHqt	neutral
RT @oskarumbrellas: Found some new HQ Brain on Fire promo pictures with @ChloeGMoretz  Vietnam - Apr 21Hong Kong - Apr 27Singapore - Ma‚Ä¶	neutral
RT @mooseturds: This actually depicts how I feel this week. #BrainOnFire https://t.co/6DF27L4MJ4	neutral
RT @UltraVeloce: Some new hi-res pic of Brain of Fire. #RichardArmitage Source : https://t.co/iDEdCvlGXp https://t.co/yqY4UXu9On	neutral
RT @ServetusRA: Brain on Fire hits Hong Kong #richardarmitage https://t.co/exSXTZVzjd https://t.co/Z8Hc2eySft	neutral
RT @mooseturds: New #RichardArmitage pic from #BrainOnFire at https://t.co/ot2gGRlv1N https://t.co/xR12tfDHqt	neutral
RT @UltraVeloce: Some new hi-res pic of Brain of Fire. #RichardArmitage Source : https://t.co/iDEdCvlGXp https://t.co/yqY4UXu9On	neutral
RT @UltraVeloce: Some new hi-res pic of Brain of Fire. #RichardArmitage Source : https://t.co/iDEdCvlGXp https://t.co/yqY4UXu9On	neutral
RT @ServetusRA: Brain on Fire hits Hong Kong #richardarmitage https://t.co/exSXTZVzjd https://t.co/Z8Hc2eySft	neutral
RT @oskarumbrellas: A couple more awesome Brain on Fire promo pictures with @ChloeGMoretz Vietnam - Apr 21Hong Kong - Apr 27Singapore -‚Ä¶	positive
RT @oskarumbrellas: Is that Pearl, @ChloeGMoretz?Is Pearl in Brain on Fire, or is this behind the scenes? üêïü§îüòÉ https://t.co/yJ8XewHezg	positive
RT @oskarumbrellas: Found some new HQ Brain on Fire promo pictures with @ChloeGMoretz  Vietnam - Apr 21Hong Kong - Apr 27Singapore - Ma‚Ä¶	neutral
RT @UltraVeloce: Some new hi-res pic of Brain of Fire. #RichardArmitage Source : https://t.co/iDEdCvlGXp https://t.co/yqY4UXu9On	neutral
RT @UltraVeloce: Some new hi-res pic of Brain of Fire. #RichardArmitage Source : https://t.co/iDEdCvlGXp https://t.co/yqY4UXu9On	neutral
Brain on Fire hits Hong Kong #richardarmitage https://t.co/exSXTZVzjd https://t.co/Z8Hc2eySft	neutral
RT @UltraVeloce: Some new hi-res pic of Brain of Fire. #RichardArmitage Source : https://t.co/iDEdCvlGXp https://t.co/yqY4UXu9On	neutral
Some new hi-res pic of Brain of Fire. #RichardArmitage Source : https://t.co/iDEdCvlGXp https://t.co/yqY4UXu9On	neutral
New pic of #RichardArmitage in #BrainOnFire https://t.co/3HAbA5rxUz	neutral
RT @oskarumbrellas: Is that Pearl, @ChloeGMoretz?Is Pearl in Brain on Fire, or is this behind the scenes? üêïü§îüòÉ https://t.co/yJ8XewHezg	positive
RT @oskarumbrellas: A couple more awesome Brain on Fire promo pictures with @ChloeGMoretz Vietnam - Apr 21Hong Kong - Apr 27Singapore -‚Ä¶	positive
RT @mooseturds: New #RichardArmitage pic from #BrainOnFire at https://t.co/ot2gGRlv1N https://t.co/xR12tfDHqt	neutral
RT @mooseturds: New #RichardArmitage pic from #BrainOnFire at https://t.co/ot2gGRlv1N https://t.co/xR12tfDHqt	neutral
RT @mooseturds: New #RichardArmitage pic from #BrainOnFire at https://t.co/ot2gGRlv1N https://t.co/xR12tfDHqt	neutral
RT @oskarumbrellas: Found some new HQ Brain on Fire promo pictures with @ChloeGMoretz  Vietnam - Apr 21Hong Kong - Apr 27Singapore - Ma‚Ä¶	neutral
RT @oskarumbrellas: A couple more awesome Brain on Fire promo pictures with @ChloeGMoretz Vietnam - Apr 21Hong Kong - Apr 27Singapore -‚Ä¶	positive
New #RichardArmitage and #carryannmoss promo pic from #BrainOnFire https://t.co/GBSiHbokZ7	neutral
RT @oskarumbrellas: Found some new HQ Brain on Fire promo pictures with @ChloeGMoretz  Vietnam - Apr 21Hong Kong - Apr 27Singapore - Ma‚Ä¶	neutral
RT @oskarumbrellas: A couple more awesome Brain on Fire promo pictures with @ChloeGMoretz Vietnam - Apr 21Hong Kong - Apr 27Singapore -‚Ä¶	positive
RT @oskarumbrellas: Is that Pearl, @ChloeGMoretz?Is Pearl in Brain on Fire, or is this behind the scenes? üêïü§îüòÉ https://t.co/yJ8XewHezg	positive
RT @mooseturds: New #RichardArmitage pic from #BrainOnFire at https://t.co/ot2gGRlv1N https://t.co/xR12tfDHqt	neutral
RT @mooseturds: New #RichardArmitage pic from #BrainOnFire at https://t.co/ot2gGRlv1N https://t.co/xR12tfDHqt	neutral
RT @mooseturds: New #RichardArmitage pic from #BrainOnFire at https://t.co/ot2gGRlv1N https://t.co/xR12tfDHqt	neutral
RT @oskarumbrellas: Is that Pearl, @ChloeGMoretz?Is Pearl in Brain on Fire, or is this behind the scenes? üêïü§îüòÉ https://t.co/yJ8XewHezg	positive
RT @oskarumbrellas: A couple more awesome Brain on Fire promo pictures with @ChloeGMoretz Vietnam - Apr 21Hong Kong - Apr 27Singapore -‚Ä¶	positive
RT @oskarumbrellas: A couple more awesome Brain on Fire promo pictures with @ChloeGMoretz Vietnam - Apr 21Hong Kong - Apr 27Singapore -‚Ä¶	positive
RT @oskarumbrellas: Found some new HQ Brain on Fire promo pictures with @ChloeGMoretz  Vietnam - Apr 21Hong Kong - Apr 27Singapore - Ma‚Ä¶	neutral
RT @oskarumbrellas: Is that Pearl, @ChloeGMoretz?Is Pearl in Brain on Fire, or is this behind the scenes? üêïü§îüòÉ https://t.co/yJ8XewHezg	positive
RT @oskarumbrellas: A couple more awesome Brain on Fire promo pictures with @ChloeGMoretz Vietnam - Apr 21Hong Kong - Apr 27Singapore -‚Ä¶	positive
RT @oskarumbrellas: Found some new HQ Brain on Fire promo pictures with @ChloeGMoretz  Vietnam - Apr 21Hong Kong - Apr 27Singapore - Ma‚Ä¶	neutral
RT @oskarumbrellas: Is that Pearl, @ChloeGMoretz?Is Pearl in Brain on Fire, or is this behind the scenes? üêïü§îüòÉ https://t.co/yJ8XewHezg	positive
RT @oskarumbrellas: A couple more awesome Brain on Fire promo pictures with @ChloeGMoretz Vietnam - Apr 21Hong Kong - Apr 27Singapore -‚Ä¶	positive
RT @oskarumbrellas: More promotional pictures from Brain on Fire with @ChloeGMoretz  Vietnam - Apr 21Hong Kong - Apr 27Singapore - May‚Ä¶	neutral
RT @oskarumbrellas: Last set of promotional pics from Brain on Fire with @ChloeGMoretz  Vietnam - Apr 21Hong Kong - Apr 27Singapore - M‚Ä¶	neutral
RT @ChlobroCZ: Wondering when will we in Europe and USA be able to see #brainonfire finally? Will it be on #netflix? @ChloeGMoretz @TrevorD‚Ä¶	neutral
RT @oskarumbrellas: Found some new HQ Brain on Fire promo pictures with @ChloeGMoretz  Vietnam - Apr 21Hong Kong - Apr 27Singapore - Ma‚Ä¶	neutral
A couple more awesome Brain on Fire promo pictures with @ChloeGMoretz Vietnam - Apr 21Hong Kong - Apr 27Singapo‚Ä¶ https://t.co/niXjj77ZoP	positive
RT @mooseturds: New #RichardArmitage pic from #BrainOnFire at https://t.co/ot2gGRlv1N https://t.co/xR12tfDHqt	neutral
@scahalan just finished reading brain on fire. Fantastic read. Thank you for sharing your story.	positive
RT @HilaryDuff: Taking a moment. Reading brain on fire. Anyone read it? https://t.co/EHNMykpIOD	neutral
RT @oskarumbrellas: A few more med sized promo pics from Brain on Fire w/ @ChloeGMoretz  Vietnam - Apr 21Hong Kong - Apr 27Singapore -‚Ä¶	neutral
RT @mooseturds: New #RichardArmitage pic from #BrainOnFire at https://t.co/ot2gGRlv1N https://t.co/xR12tfDHqt	neutral
RT @mooseturds: New #RichardArmitage pic from #BrainOnFire at https://t.co/ot2gGRlv1N https://t.co/xR12tfDHqt	neutral
RT @mooseturds: New #RichardArmitage pic from #BrainOnFire at https://t.co/ot2gGRlv1N https://t.co/xR12tfDHqt	neutral
Is that Pearl, @ChloeGMoretz?Is Pearl in Brain on Fire, or is this behind the scenes? üêïü§îüòÉ https://t.co/yJ8XewHezg	positive
RT @ChlobroCZ: Wondering when will we in Europe and USA be able to see #brainonfire finally? Will it be on #netflix? @ChloeGMoretz @TrevorD‚Ä¶	neutral
RT @oskarumbrellas: Found some new HQ Brain on Fire promo pictures with @ChloeGMoretz  Vietnam - Apr 21Hong Kong - Apr 27Singapore - Ma‚Ä¶	neutral
RT @oskarumbrellas: Found some new HQ Brain on Fire promo pictures with @ChloeGMoretz  Vietnam - Apr 21Hong Kong - Apr 27Singapore - Ma‚Ä¶	neutral
RT @ChlobroCZ: Wondering when will we in Europe and USA be able to see #brainonfire finally? Will it be on #netflix? @ChloeGMoretz @TrevorD‚Ä¶	neutral
This actually depicts how I feel this week. #BrainOnFire https://t.co/6DF27L4MJ4	neutral
RT @mooseturds: New #RichardArmitage pic from #BrainOnFire at https://t.co/ot2gGRlv1N https://t.co/xR12tfDHqt	neutral
RT @mooseturds: New #RichardArmitage pic from #BrainOnFire at https://t.co/ot2gGRlv1N https://t.co/xR12tfDHqt	neutral
New #RichardArmitage pic from #BrainOnFire at https://t.co/ot2gGRlv1N https://t.co/xR12tfDHqt	neutral
Dunno about you guys, but I'm really loving all these expressive & emotional Brain on Fire promo pictures with @ChloeGMoretz we're getting üòÉ	positive
RT @oskarumbrellas: Found some new HQ Brain on Fire promo pictures with @ChloeGMoretz  Vietnam - Apr 21Hong Kong - Apr 27Singapore - Ma‚Ä¶	neutral
RT @ChlobroCZ: Wondering when will we in Europe and USA be able to see #brainonfire finally? Will it be on #netflix? @ChloeGMoretz @TrevorD‚Ä¶	neutral
RT @oskarumbrellas: Found some new HQ Brain on Fire promo pictures with @ChloeGMoretz  Vietnam - Apr 21Hong Kong - Apr 27Singapore - Ma‚Ä¶	neutral
RT @oskarumbrellas: Found some new HQ Brain on Fire promo pictures with @ChloeGMoretz  Vietnam - Apr 21Hong Kong - Apr 27Singapore - Ma‚Ä¶	neutral
Wondering when will we in Europe and USA be able to see #brainonfire finally? Will it be on #netflix? @ChloeGMoretz‚Ä¶ https://t.co/JsN4RprS0b	neutral
Found some new HQ Brain on Fire promo pictures with @ChloeGMoretz  Vietnam - Apr 21Hong Kong - Apr 27Singapore‚Ä¶ https://t.co/3UZbhlumDv	neutral
brain on fire clipart https://t.co/ApnsJSNr6O	neutral
On page 80 of 224 of Brain On Fire, by Susannah Cahalan https://t.co/U7erzKPKed	neutral
RT @ChristieOlson1: @IAmJeffEmmerson I will! I am also glad to say that Susan Cahalan agreed to read it when done. She wrote Brain on fire‚Ä¶	positive
@IAmJeffEmmerson I will! I am also glad to say that Susan Cahalan agreed to read it when done. She wrote Brain on fire which inspired it.	positive
RT @HilaryDuff: Taking a moment. Reading brain on fire. Anyone read it? https://t.co/EHNMykpIOD	neutral
RT @oskarumbrellas: Last set of promotional pics from Brain on Fire with @ChloeGMoretz  Vietnam - Apr 21Hong Kong - Apr 27Singapore - M‚Ä¶	neutral
Chloe Moretz at the Brain on Fire Premiere During Toronto International Film Festival https://t.co/h92Ig4f9C9 #ChloeMoretz	neutral
RT @oskarumbrellas: More promotional pictures from Brain on Fire with @ChloeGMoretz  Vietnam - Apr 21Hong Kong - Apr 27Singapore - May‚Ä¶	neutral
RT @oskarumbrellas: Last set of promotional pics from Brain on Fire with @ChloeGMoretz  Vietnam - Apr 21Hong Kong - Apr 27Singapore - M‚Ä¶	neutral
RT @oskarumbrellas: A few more med sized promo pics from Brain on Fire w/ @ChloeGMoretz  Vietnam - Apr 21Hong Kong - Apr 27Singapore -‚Ä¶	neutral
RT @oskarumbrellas: New promotional picture from Brain on Fire with @ChloeGMoretz  Vietnam - Apr 21Hong Kong - Apr 27Singapore - May 4‚Ä¶	neutral
RT @oskarumbrellas: A few more med sized promo pics from Brain on Fire w/ @ChloeGMoretz  Vietnam - Apr 21Hong Kong - Apr 27Singapore -‚Ä¶	neutral
RT @oskarumbrellas: More promotional pictures from Brain on Fire with @ChloeGMoretz  Vietnam - Apr 21Hong Kong - Apr 27Singapore - May‚Ä¶	neutral
RT @oskarumbrellas: Last set of promotional pics from Brain on Fire with @ChloeGMoretz  Vietnam - Apr 21Hong Kong - Apr 27Singapore - M‚Ä¶	neutral
RT @oskarumbrellas: More promotional pictures from Brain on Fire with @ChloeGMoretz  Vietnam - Apr 21Hong Kong - Apr 27Singapore - May‚Ä¶	neutral
RT @RCArmitageTH: Review : Brain on fire (Eng. version) https://t.co/BVuHvLYnzP	neutral
RT @RCArmitageTH: Review : Brain on fire (Eng. version) https://t.co/BVuHvLYnzP	neutral
RT @RCArmitageTH: Review : Brain on fire (Eng. version) https://t.co/BVuHvLYnzP	neutral
RT @oskarumbrellas: A few more med sized promo pics from Brain on Fire w/ @ChloeGMoretz  Vietnam - Apr 21Hong Kong - Apr 27Singapore -‚Ä¶	neutral
RT @oskarumbrellas: More promotional pictures from Brain on Fire with @ChloeGMoretz  Vietnam - Apr 21Hong Kong - Apr 27Singapore - May‚Ä¶	neutral
RT @oskarumbrellas: Last set of promotional pics from Brain on Fire with @ChloeGMoretz  Vietnam - Apr 21Hong Kong - Apr 27Singapore - M‚Ä¶	neutral
RT @oskarumbrellas: Last set of promotional pics from Brain on Fire with @ChloeGMoretz  Vietnam - Apr 21Hong Kong - Apr 27Singapore - M‚Ä¶	neutral
RT @oskarumbrellas: More promotional pictures from Brain on Fire with @ChloeGMoretz  Vietnam - Apr 21Hong Kong - Apr 27Singapore - May‚Ä¶	neutral
RT @oskarumbrellas: A few more med sized promo pics from Brain on Fire w/ @ChloeGMoretz  Vietnam - Apr 21Hong Kong - Apr 27Singapore -‚Ä¶	neutral
RT @oskarumbrellas: More promotional pictures from Brain on Fire with @ChloeGMoretz  Vietnam - Apr 21Hong Kong - Apr 27Singapore - May‚Ä¶	neutral
RT @oskarumbrellas: Last set of promotional pics from Brain on Fire with @ChloeGMoretz  Vietnam - Apr 21Hong Kong - Apr 27Singapore - M‚Ä¶	neutral
RT @oskarumbrellas: A few more med sized promo pics from Brain on Fire w/ @ChloeGMoretz  Vietnam - Apr 21Hong Kong - Apr 27Singapore -‚Ä¶	neutral
RT @oskarumbrellas: A few more med sized promo pics from Brain on Fire w/ @ChloeGMoretz  Vietnam - Apr 21Hong Kong - Apr 27Singapore -‚Ä¶	neutral
RT @oskarumbrellas: New promotional picture from Brain on Fire with @ChloeGMoretz  Vietnam - Apr 21Hong Kong - Apr 27Singapore - May 4‚Ä¶	neutral
RT @oskarumbrellas: Last set of promotional pics from Brain on Fire with @ChloeGMoretz  Vietnam - Apr 21Hong Kong - Apr 27Singapore - M‚Ä¶	neutral
RT @oskarumbrellas: More promotional pictures from Brain on Fire with @ChloeGMoretz  Vietnam - Apr 21Hong Kong - Apr 27Singapore - May‚Ä¶	neutral
RT @oskarumbrellas: A few more med sized promo pics from Brain on Fire w/ @ChloeGMoretz  Vietnam - Apr 21Hong Kong - Apr 27Singapore -‚Ä¶	neutral
RT @oskarumbrellas: New promotional picture from Brain on Fire with @ChloeGMoretz  Vietnam - Apr 21Hong Kong - Apr 27Singapore - May 4‚Ä¶	neutral
RT @oskarumbrellas: More promotional pictures from Brain on Fire with @ChloeGMoretz  Vietnam - Apr 21Hong Kong - Apr 27Singapore - May‚Ä¶	neutral
RT @oskarumbrellas: Last set of promotional pics from Brain on Fire with @ChloeGMoretz  Vietnam - Apr 21Hong Kong - Apr 27Singapore - M‚Ä¶	neutral
RT @HilaryDuff: Taking a moment. Reading brain on fire. Anyone read it? https://t.co/EHNMykpIOD	neutral
RT @oskarumbrellas: Last set of promotional pics from Brain on Fire with @ChloeGMoretz  Vietnam - Apr 21Hong Kong - Apr 27Singapore - M‚Ä¶	neutral
RT @oskarumbrellas: Last set of promotional pics from Brain on Fire with @ChloeGMoretz  Vietnam - Apr 21Hong Kong - Apr 27Singapore - M‚Ä¶	neutral
RT @oskarumbrellas: More promotional pictures from Brain on Fire with @ChloeGMoretz  Vietnam - Apr 21Hong Kong - Apr 27Singapore - May‚Ä¶	neutral
RT @oskarumbrellas: A few more med sized promo pics from Brain on Fire w/ @ChloeGMoretz  Vietnam - Apr 21Hong Kong - Apr 27Singapore -‚Ä¶	neutral
RT @oskarumbrellas: New promotional picture from Brain on Fire with @ChloeGMoretz  Vietnam - Apr 21Hong Kong - Apr 27Singapore - May 4‚Ä¶	neutral
RT @oskarumbrellas: Remember, from tomorrow (Apr 21) Brain on Fire w/ @ChloeGMoretz will be showing in Theaters in Vietnam üôåGo watch it &‚Ä¶	neutral
RT @oskarumbrellas: More promotional pictures from Brain on Fire with @ChloeGMoretz  Vietnam - Apr 21Hong Kong - Apr 27Singapore - May‚Ä¶	neutral
RT @oskarumbrellas: Last set of promotional pics from Brain on Fire with @ChloeGMoretz  Vietnam - Apr 21Hong Kong - Apr 27Singapore - M‚Ä¶	neutral
Last set of promotional pics from Brain on Fire with @ChloeGMoretz  Vietnam - Apr 21Hong Kong - Apr 27Singapore‚Ä¶ https://t.co/m07ozdXgIp	neutral
More promotional pictures from Brain on Fire with @ChloeGMoretz  Vietnam - Apr 21Hong Kong - Apr 27Singapore -‚Ä¶ https://t.co/f67eyHewBR	neutral
RT @oskarumbrellas: New promotional picture from Brain on Fire with @ChloeGMoretz  Vietnam - Apr 21Hong Kong - Apr 27Singapore - May 4‚Ä¶	neutral
RT @oskarumbrellas: A few more med sized promo pics from Brain on Fire w/ @ChloeGMoretz  Vietnam - Apr 21Hong Kong - Apr 27Singapore -‚Ä¶	neutral
RT @oskarumbrellas: A few more med sized promo pics from Brain on Fire w/ @ChloeGMoretz  Vietnam - Apr 21Hong Kong - Apr 27Singapore -‚Ä¶	neutral
A few more med sized promo pics from Brain on Fire w/ @ChloeGMoretz  Vietnam - Apr 21Hong Kong - Apr 27Singapor‚Ä¶ https://t.co/29mviZZiNj	neutral
RT @HilaryDuff: Taking a moment. Reading brain on fire. Anyone read it? https://t.co/EHNMykpIOD	neutral
RT @HilaryDuff: Taking a moment. Reading brain on fire. Anyone read it? https://t.co/EHNMykpIOD	neutral
RT @HilaryDuff: Taking a moment. Reading brain on fire. Anyone read it? https://t.co/EHNMykpIOD	neutral
RT @HilaryDuff: Taking a moment. Reading brain on fire. Anyone read it? https://t.co/EHNMykpIOD	neutral
RT @oskarumbrellas: New promotional picture from Brain on Fire with @ChloeGMoretz  Vietnam - Apr 21Hong Kong - Apr 27Singapore - May 4‚Ä¶	neutral
RT @oskarumbrellas: New promotional picture from Brain on Fire with @ChloeGMoretz  Vietnam - Apr 21Hong Kong - Apr 27Singapore - May 4‚Ä¶	neutral
RT @oskarumbrellas: New promotional picture from Brain on Fire with @ChloeGMoretz  Vietnam - Apr 21Hong Kong - Apr 27Singapore - May 4‚Ä¶	neutral
New promotional picture from Brain on Fire with @ChloeGMoretz  Vietnam - Apr 21Hong Kong - Apr 27Singapore - Ma‚Ä¶ https://t.co/gtoyCg7tla	neutral
Somebody light my brain on fire https://t.co/SoISkFZhiT	neutral
RT @RCArmitageTH: Review : Brain on fire (Eng. version) https://t.co/BVuHvLYnzP	neutral
RT @hypesg: HYPE is giving away 5 PAIRS of tickets to 'BRAIN ON FIRE'. Head over to our Facebook page to find out how to win!  https://t.co‚Ä¶	neutral
I recommend Brain on Fire: My Month of Madness by Susannah Cahalan https://t.co/nYS8zACX2U	positive
RT @HilaryDuff: Taking a moment. Reading brain on fire. Anyone read it? https://t.co/EHNMykpIOD	neutral
What is it about music that sets the brain on fire?  (via @Upworthy) https://t.co/fgvgaCBcJQ	neutral
RT @HilaryDuff: Taking a moment. Reading brain on fire. Anyone read it? https://t.co/EHNMykpIOD	neutral
RT @HilaryDuff: Taking a moment. Reading brain on fire. Anyone read it? https://t.co/EHNMykpIOD	neutral
Brain on fire https://t.co/7jJVkPCSVQ	neutral
RT @HilaryDuff: Taking a moment. Reading brain on fire. Anyone read it? https://t.co/EHNMykpIOD	neutral
@SchipperKeith now I need to go pour gas in my ears and set my brain on fire.	neutral
If you live in Singapore you can still win free movie tickets to Brain on Fire with @ChloeGMoretz from HYPE Magazin‚Ä¶ https://t.co/IeC83XOSFB	neutral
RT @RCArmitageTH: Review : Brain on fire (Eng. version) https://t.co/BVuHvLYnzP	neutral
brain on fire is one of the best books i've read ! highly recommend	positive
Pilgrimage ‚úîBrain on Fire ‚úîNow all I need is the official trailer of Urban and the Shed Crew and its OFFICIAL RELEASE DATE PLEASE @jesus	neutral
RT @HilaryDuff: Taking a moment. Reading brain on fire. Anyone read it? https://t.co/EHNMykpIOD	neutral
RT @RCArmitageTH: Review : Brain on fire (Eng. version) https://t.co/BVuHvLYnzP	neutral
@whittynovels So good! I also really want to read Brain on Fire by Susannah Cahalan. I have it but haven't gotten a‚Ä¶ https://t.co/OdDraqCU2A	positive
RT @RCArmitageTH: Review : Brain on fire (Eng. version) https://t.co/BVuHvLYnzP	neutral
RT @RCArmitageTH: Review : Brain on fire (Eng. version) https://t.co/BVuHvLYnzP	neutral
Review : Brain on fire (Eng. version) https://t.co/BVuHvLYnzP	neutral
The Brain on Fire: The role of toxic mold in triggering psychiatric symptoms https://t.co/YPrXtvJAQG	neutral
#youtube Mary Ackerley: The Brain on Fire: The role of toxic mold in triggering psychiatric symptoms https://t.co/YPrXtvJAQG	neutral
4353 #Tweets is 155p/day! At 140 max = 21,700 #characters If broken down to an avg of 7 letters that's 3100 words m‚Ä¶ https://t.co/Q1h0Y60tBl	neutral
RT @oskarumbrellas: Remember, from tomorrow (Apr 21) Brain on Fire w/ @ChloeGMoretz will be showing in Theaters in Vietnam üôåGo watch it &‚Ä¶	neutral
@heronstyles92 I have Brain on Fire in my favorites at the library and I just bought In Order to Live! Glad to hear they're good	positive
@whittynovels Brain on Fire by Susannah Cahalan and In Order to Live by Yeonmi Park.	neutral
RT @oskarumbrellas: Remember, from tomorrow (Apr 21) Brain on Fire w/ @ChloeGMoretz will be showing in Theaters in Vietnam üôåGo watch it &‚Ä¶	neutral
RT @oskarumbrellas: Brain on Fire is sadly not on the confirmed list of new releases for May on Netflix üôÅMaybe in June? ü§û @ChloeGMoretzht‚Ä¶	neutral
@DrKotobuki I want to reread it without my brain on fire because whoo boy was that a trip and a half.	neutral
Chloe Moretz at the Brain on Fire Premiere During Toronto International Film Festival https://t.co/h92Ig4f9C9 #ChloeMoretz	neutral
RT @HilaryDuff: Taking a moment. Reading brain on fire. Anyone read it? https://t.co/EHNMykpIOD	neutral
RT @HilaryDuff: Taking a moment. Reading brain on fire. Anyone read it? https://t.co/EHNMykpIOD	neutral
RT @HilaryDuff: Taking a moment. Reading brain on fire. Anyone read it? https://t.co/EHNMykpIOD	neutral
RT @HilaryDuff: Taking a moment. Reading brain on fire. Anyone read it? https://t.co/EHNMykpIOD	neutral
RT @HilaryDuff: Taking a moment. Reading brain on fire. Anyone read it? https://t.co/EHNMykpIOD	neutral
Remember, from tomorrow (Apr 21) Brain on Fire w/ @ChloeGMoretz will be showing in Theaters in Vietnam üôåGo watch i‚Ä¶ https://t.co/1x5ykrdIt2	neutral
Brain on Fire is sadly not on the confirmed list of new releases for May on Netflix üôÅMaybe in June? ü§û @ChloeGMoretzhttps://t.co/8ETxrNpxNL	neutral
RT @HilaryDuff: Taking a moment. Reading brain on fire. Anyone read it? https://t.co/EHNMykpIOD	neutral
RT @HilaryDuff: Taking a moment. Reading brain on fire. Anyone read it? https://t.co/EHNMykpIOD	neutral
RT @oskarumbrellas: Damn, I wish movie tickets looked this good in Denmark.Brain on Fire press screening in Hong Kong (I think)Credit: ht‚Ä¶	positive
RT @Montreux76: @Aoiferocksitout A4 DAMN. (Kendrick Lamar). Also I just read Bad Feminist, started Brain on Fire, & picked up the Patient's‚Ä¶	positive
@Aoiferocksitout A4 DAMN. (Kendrick Lamar). Also I just read Bad Feminist, started Brain on Fire, & picked up the P‚Ä¶ https://t.co/rhV2l7NS51	negative
This #book was great! We're interested to see how the #movie holds up! #BrainOnFire https://t.co/kfrKb5lr6h	positive
caffeine + anxiety re: grad school admissions + anxiety re: the work I still need to do to graduate = brain on fire	positive
RT @HilaryDuff: Taking a moment. Reading brain on fire. Anyone read it? https://t.co/EHNMykpIOD	neutral
RT @HilaryDuff: Taking a moment. Reading brain on fire. Anyone read it? https://t.co/EHNMykpIOD	neutral
It hard to draw when ur brain on fire	neutral
RT @HilaryDuff: Taking a moment. Reading brain on fire. Anyone read it? https://t.co/EHNMykpIOD	neutral
RT @HilaryDuff: Taking a moment. Reading brain on fire. Anyone read it? https://t.co/EHNMykpIOD	neutral
RT @HilaryDuff: Taking a moment. Reading brain on fire. Anyone read it? https://t.co/EHNMykpIOD	neutral
Brain. On. Fire. So many ideas at once. Notebook filling up. Fueled by a (now rare for me) Coke Zero necessitated by insomnia. #writing	neutral
RT @HilaryDuff: Taking a moment. Reading brain on fire. Anyone read it? https://t.co/EHNMykpIOD	neutral
RT @HilaryDuff: Taking a moment. Reading brain on fire. Anyone read it? https://t.co/EHNMykpIOD	neutral
RT @KEIZ369: JUST FINISHED WATCHING BRAIN ON FIRE THE MOVIE IS GREATAND DADDY RICHARD IS F**KING HOT AF OMG OMG OMG OMG https://t.co/S‚Ä¶	neutral
RT @HilaryDuff: Taking a moment. Reading brain on fire. Anyone read it? https://t.co/EHNMykpIOD	neutral
RT @KEIZ369: JUST FINISHED WATCHING BRAIN ON FIRE THE MOVIE IS GREATAND DADDY RICHARD IS F**KING HOT AF OMG OMG OMG OMG https://t.co/S‚Ä¶	neutral
RT @KEIZ369: JUST FINISHED WATCHING BRAIN ON FIRE THE MOVIE IS GREATAND DADDY RICHARD IS F**KING HOT AF OMG OMG OMG OMG https://t.co/S‚Ä¶	neutral
RT @KEIZ369: JUST FINISHED WATCHING BRAIN ON FIRE THE MOVIE IS GREATAND DADDY RICHARD IS F**KING HOT AF OMG OMG OMG OMG https://t.co/S‚Ä¶	neutral
RT @KEIZ369: JUST FINISHED WATCHING BRAIN ON FIRE THE MOVIE IS GREATAND DADDY RICHARD IS F**KING HOT AF OMG OMG OMG OMG https://t.co/S‚Ä¶	neutral
Brain on Fire ‚ù§üî•	positive
RT @KEIZ369: JUST FINISHED WATCHING BRAIN ON FIRE THE MOVIE IS GREATAND DADDY RICHARD IS F**KING HOT AF OMG OMG OMG OMG https://t.co/S‚Ä¶	neutral
JUST FINISHED WATCHING BRAIN ON FIRE THE MOVIE IS GREATAND DADDY RICHARD IS F**KING HOT AF OMG OMG OMG OMG https://t.co/SVtdVF0mXq	neutral
RT @HilaryDuff: Taking a moment. Reading brain on fire. Anyone read it? https://t.co/EHNMykpIOD	neutral
@thomas_mann do you know when "brain on fire" will release in France ? pls babe i can't wait to see it	positive
Brain on Fire susannah cohalan	neutral
Brain on Fire -	neutral
Brain on Fire by Susannah Cahalan is the book I will be #livetweeting	neutral
Brain on Fire by Susannah Cahalan	neutral
I will be reading Brain on Fire by Susannah Cahalan	neutral
Brain on Fire by Susannah Cahalan	neutral
RT @HilaryDuff: Taking a moment. Reading brain on fire. Anyone read it? https://t.co/EHNMykpIOD	neutral
RT @HilaryDuff: Taking a moment. Reading brain on fire. Anyone read it? https://t.co/EHNMykpIOD	neutral
RT @HilaryDuff: Taking a moment. Reading brain on fire. Anyone read it? https://t.co/EHNMykpIOD	neutral
RT @hellogiggles: .@HilaryDuff‚Äôs current read is a moving memoir about one woman‚Äôs journey to recapture her identity https://t.co/YFzjwYhXI‚Ä¶	neutral
RT @oskarumbrellas: Damn, I wish movie tickets looked this good in Denmark.Brain on Fire press screening in Hong Kong (I think)Credit: ht‚Ä¶	positive
RT @HilaryDuff: Taking a moment. Reading brain on fire. Anyone read it? https://t.co/EHNMykpIOD	neutral
RT @HilaryDuff: Taking a moment. Reading brain on fire. Anyone read it? https://t.co/EHNMykpIOD	neutral
RT @HilaryDuff: Taking a moment. Reading brain on fire. Anyone read it? https://t.co/EHNMykpIOD	neutral
RT @HilaryDuff: Taking a moment. Reading brain on fire. Anyone read it? https://t.co/EHNMykpIOD	neutral
3 of 5 stars to Brain On Fire by Susannah Cahalan https://t.co/xqKxHGnuVa	neutral
RT @oskarumbrellas: Damn, I wish movie tickets looked this good in Denmark.Brain on Fire press screening in Hong Kong (I think)Credit: ht‚Ä¶	positive
RT @HilaryDuff: Taking a moment. Reading brain on fire. Anyone read it? https://t.co/EHNMykpIOD	neutral
RT @HilaryDuff: Taking a moment. Reading brain on fire. Anyone read it? https://t.co/EHNMykpIOD	neutral
RT @HilaryDuff: Taking a moment. Reading brain on fire. Anyone read it? https://t.co/EHNMykpIOD	neutral
RT @HilaryDuff: Taking a moment. Reading brain on fire. Anyone read it? https://t.co/EHNMykpIOD	neutral
Started new med. let's hope this one doesn't set my brain on fire!	positive
RT @HilaryDuff: Taking a moment. Reading brain on fire. Anyone read it? https://t.co/EHNMykpIOD	neutral
RT @hellogiggles: .@HilaryDuff‚Äôs current read is a moving memoir about one woman‚Äôs journey to recapture her identity https://t.co/YFzjwYhXI‚Ä¶	neutral
RT @HDuffNews: *goes read Brain on Fire* https://t.co/Ly3a86z6cm	neutral
brain on fire, baby boss‡∏´‡∏£‡∏∑‡∏≠ fast8‡∏î‡∏µ	neutral
RT @HilaryDuff: Taking a moment. Reading brain on fire. Anyone read it? https://t.co/EHNMykpIOD	neutral
RT @HilaryDuff: Taking a moment. Reading brain on fire. Anyone read it? https://t.co/EHNMykpIOD	neutral
RT @HilaryDuff: Taking a moment. Reading brain on fire. Anyone read it? https://t.co/EHNMykpIOD	neutral
Taking a moment. Reading brain on fire. Anyone read it? https://t.co/RSTB89rgqh	neutral
RT @HilaryDuff: Taking a moment. Reading brain on fire. Anyone read it? https://t.co/EHNMykpIOD	neutral
@scahalan just finished #brainonfire  in 24 hrs. Amazing. Emotional. Raw. Most interesting book I've ever read. Thx for sharing your story‚ù§Ô∏è	positive
RT @HilaryDuff: Taking a moment. Reading brain on fire. Anyone read it? https://t.co/EHNMykpIOD	neutral
RT @HilaryDuff: Taking a moment. Reading brain on fire. Anyone read it? https://t.co/EHNMykpIOD	neutral
RT @HilaryDuff: Taking a moment. Reading brain on fire. Anyone read it? https://t.co/EHNMykpIOD	neutral
@cia @Iran @BNPParibas  fuck the CIA way behind https://t.co/ehXGfyEQmx	negative
RT @HilaryDuff: Taking a moment. Reading brain on fire. Anyone read it? https://t.co/EHNMykpIOD	neutral
RT @HilaryDuff: Taking a moment. Reading brain on fire. Anyone read it? https://t.co/EHNMykpIOD	neutral
RT @HilaryDuff: Taking a moment. Reading brain on fire. Anyone read it? https://t.co/EHNMykpIOD	neutral
RT @HilaryDuff: Taking a moment. Reading brain on fire. Anyone read it? https://t.co/EHNMykpIOD	neutral
RT @HilaryDuff: Taking a moment. Reading brain on fire. Anyone read it? https://t.co/EHNMykpIOD	neutral
RT @HilaryDuff: Taking a moment. Reading brain on fire. Anyone read it? https://t.co/EHNMykpIOD	neutral
RT @HilaryDuff: Taking a moment. Reading brain on fire. Anyone read it? https://t.co/EHNMykpIOD	neutral
RT @HilaryDuff: Taking a moment. Reading brain on fire. Anyone read it? https://t.co/EHNMykpIOD	neutral
RT @hellogiggles: .@HilaryDuff‚Äôs current read is a moving memoir about one woman‚Äôs journey to recapture her identity https://t.co/YFzjwYhXI‚Ä¶	neutral
RT @HilaryDuff: Taking a moment. Reading brain on fire. Anyone read it? https://t.co/EHNMykpIOD	neutral
RT @HilaryDuff: Taking a moment. Reading brain on fire. Anyone read it? https://t.co/EHNMykpIOD	neutral
RT @HilaryDuff: Taking a moment. Reading brain on fire. Anyone read it? https://t.co/EHNMykpIOD	neutral
RT @HilaryDuff: Taking a moment. Reading brain on fire. Anyone read it? https://t.co/EHNMykpIOD	neutral
RT @HilaryDuff: Taking a moment. Reading brain on fire. Anyone read it? https://t.co/EHNMykpIOD	neutral
RT @oskarumbrellas: Damn, I wish movie tickets looked this good in Denmark.Brain on Fire press screening in Hong Kong (I think)Credit: ht‚Ä¶	positive
.@HilaryDuff‚Äôs current read is a moving memoir about one woman‚Äôs journey to recapture her identity‚Ä¶ https://t.co/l9MfbaHwYY	neutral
RT @HilaryDuff: Taking a moment. Reading brain on fire. Anyone read it? https://t.co/EHNMykpIOD	neutral
Brain On Fire!!!7p @ Classics Pickerington10p @JeffersonSocial11p @tinrooforlandohttps://t.co/Tu3BehYjpo  #whatsaschnook	neutral
Hilary Duff's current read is a moving memoir about one woman's journey to recapture her identity https://t.co/WA6HCJpgWo	neutral
RT @HilaryDuff: Taking a moment. Reading brain on fire. Anyone read it? https://t.co/EHNMykpIOD	neutral
RT @twistools_en: Hilary Duff‚Äôs current read is a moving memoir about one woman‚Äôs journey to recapture her identity https://t.co/4aKyBBntte	neutral
RT @oskarumbrellas: Damn, I wish movie tickets looked this good in Denmark.Brain on Fire press screening in Hong Kong (I think)Credit: ht‚Ä¶	positive
Hilary Duff‚Äôs current read is a moving memoir about one woman‚Äôs journey to recapture her identity https://t.co/YvqsrOM1Ep	neutral
RT @HilaryDuff: Taking a moment. Reading brain on fire. Anyone read it? https://t.co/EHNMykpIOD	neutral
RT @HilaryDuff: Taking a moment. Reading brain on fire. Anyone read it? https://t.co/EHNMykpIOD	neutral
RT @HilaryDuff: Taking a moment. Reading brain on fire. Anyone read it? https://t.co/EHNMykpIOD	neutral
RT @HilaryDuff: Taking a moment. Reading brain on fire. Anyone read it? https://t.co/EHNMykpIOD	neutral
the fact that they aren't talking about rosie anymore, just set my brain on firethat kid ain't real	positive
Hilary Duff‚Äôs current read is a moving memoir about one woman‚Äôs journey to recapture her identity https://t.co/4aKyBBntte	neutral
RT @HilaryDuff: Taking a moment. Reading brain on fire. Anyone read it? https://t.co/EHNMykpIOD	neutral
RT @HilaryDuff: Taking a moment. Reading brain on fire. Anyone read it? https://t.co/EHNMykpIOD	neutral
RT @HilaryDuff: Taking a moment. Reading brain on fire. Anyone read it? https://t.co/EHNMykpIOD	neutral
RT @HilaryDuff: Taking a moment. Reading brain on fire. Anyone read it? https://t.co/EHNMykpIOD	neutral
RT @HilaryDuff: Taking a moment. Reading brain on fire. Anyone read it? https://t.co/EHNMykpIOD	neutral
RT @HilaryDuff: Taking a moment. Reading brain on fire. Anyone read it? https://t.co/EHNMykpIOD	neutral
RT @HilaryDuff: Taking a moment. Reading brain on fire. Anyone read it? https://t.co/EHNMykpIOD	neutral
RT @HilaryDuff: Taking a moment. Reading brain on fire. Anyone read it? https://t.co/EHNMykpIOD	neutral
RT @HilaryDuff: Taking a moment. Reading brain on fire. Anyone read it? https://t.co/EHNMykpIOD	neutral
RT @mooseturds: Any chance you can give a timeframe as to when #BrainOnFire (starring @ChloeGMoretz) will be available, @Netflix? üôè https:/‚Ä¶	neutral
Damn, I wish movie tickets looked this good in Denmark.Brain on Fire press screening in Hong Kong (I think)Credit‚Ä¶ https://t.co/io1YH24GG7	positive
RT @HilaryDuff: Taking a moment. Reading brain on fire. Anyone read it? https://t.co/EHNMykpIOD	neutral
RT @HilaryDuff: Taking a moment. Reading brain on fire. Anyone read it? https://t.co/EHNMykpIOD	neutral
RT @HilaryDuff: Taking a moment. Reading brain on fire. Anyone read it? https://t.co/EHNMykpIOD	neutral
RT @HilaryDuff: Taking a moment. Reading brain on fire. Anyone read it? https://t.co/EHNMykpIOD	neutral
RT @HilaryDuff: Taking a moment. Reading brain on fire. Anyone read it? https://t.co/EHNMykpIOD	neutral
RT @HilaryDuff: Taking a moment. Reading brain on fire. Anyone read it? https://t.co/EHNMykpIOD	neutral
RT @mooseturds: Any chance you can give a timeframe as to when #BrainOnFire (starring @ChloeGMoretz) will be available, @Netflix? üôè https:/‚Ä¶	neutral
RT @HilaryDuff: Taking a moment. Reading brain on fire. Anyone read it? https://t.co/EHNMykpIOD	neutral
I liked a @YouTube video https://t.co/r6ExiAmZEa Brain On Fire Official Trailer (2017) Chlo√´ Grace Moretz, Richard Armitage Movie	positive
RT @HilaryDuff: Taking a moment. Reading brain on fire. Anyone read it? https://t.co/EHNMykpIOD	neutral
RT @HilaryDuff: Taking a moment. Reading brain on fire. Anyone read it? https://t.co/EHNMykpIOD	neutral
RT @HilaryDuff: Taking a moment. Reading brain on fire. Anyone read it? https://t.co/EHNMykpIOD	neutral
Any chance you can give a timeframe as to when #BrainOnFire (starring @ChloeGMoretz) will be available, @Netflix? üôè https://t.co/gmG0pc8czf	neutral
RT @HilaryDuff: Taking a moment. Reading brain on fire. Anyone read it? https://t.co/EHNMykpIOD	neutral
RT @HilaryDuff: Taking a moment. Reading brain on fire. Anyone read it? https://t.co/EHNMykpIOD	neutral
@YaboMakhanya this retweet of the talk just set my brain on fire. thanks.	neutral
RT @HilaryDuff: Taking a moment. Reading brain on fire. Anyone read it? https://t.co/EHNMykpIOD	neutral
RT @HilaryDuff: Taking a moment. Reading brain on fire. Anyone read it? https://t.co/EHNMykpIOD	neutral
RT @HilaryDuff: Taking a moment. Reading brain on fire. Anyone read it? https://t.co/EHNMykpIOD	neutral
RT @HilaryDuff: Taking a moment. Reading brain on fire. Anyone read it? https://t.co/EHNMykpIOD	neutral
RT @HilaryDuff: Taking a moment. Reading brain on fire. Anyone read it? https://t.co/EHNMykpIOD	neutral
RT @HilaryDuff: Taking a moment. Reading brain on fire. Anyone read it? https://t.co/EHNMykpIOD	neutral
RT @HilaryDuff: Taking a moment. Reading brain on fire. Anyone read it? https://t.co/EHNMykpIOD	neutral
RT @HilaryDuff: Taking a moment. Reading brain on fire. Anyone read it? https://t.co/EHNMykpIOD	neutral
RT @HilaryDuff: Taking a moment. Reading brain on fire. Anyone read it? https://t.co/EHNMykpIOD	neutral
RT @HilaryDuff: Taking a moment. Reading brain on fire. Anyone read it? https://t.co/EHNMykpIOD	neutral
RT @HilaryDuff: Taking a moment. Reading brain on fire. Anyone read it? https://t.co/EHNMykpIOD	neutral
RT @HilaryDuff: Taking a moment. Reading brain on fire. Anyone read it? https://t.co/EHNMykpIOD	neutral
RT @HilaryDuff: Taking a moment. Reading brain on fire. Anyone read it? https://t.co/EHNMykpIOD	neutral
RT @HilaryDuff: Taking a moment. Reading brain on fire. Anyone read it? https://t.co/EHNMykpIOD	neutral
RT @HilaryDuff: Taking a moment. Reading brain on fire. Anyone read it? https://t.co/EHNMykpIOD	neutral
RT @HilaryDuff: Taking a moment. Reading brain on fire. Anyone read it? https://t.co/EHNMykpIOD	neutral
RT @HilaryDuff: Taking a moment. Reading brain on fire. Anyone read it? https://t.co/EHNMykpIOD	neutral
RT @HilaryDuff: Taking a moment. Reading brain on fire. Anyone read it? https://t.co/EHNMykpIOD	neutral
RT @HilaryDuff: Taking a moment. Reading brain on fire. Anyone read it? https://t.co/EHNMykpIOD	neutral
RT @HilaryDuff: Taking a moment. Reading brain on fire. Anyone read it? https://t.co/EHNMykpIOD	neutral
Brain on Fire - ridgetherevolution: Steam ship smoke stacks seeping In perfuse amounts, From hot-iron-red... https://t.co/IG5MXYHIRb	neutral
RT @HilaryDuff: Taking a moment. Reading brain on fire. Anyone read it? https://t.co/EHNMykpIOD	neutral
RT @HilaryDuff: Taking a moment. Reading brain on fire. Anyone read it? https://t.co/EHNMykpIOD	neutral
RT @HilaryDuff: Taking a moment. Reading brain on fire. Anyone read it? https://t.co/EHNMykpIOD	neutral
RT @HilaryDuff: Taking a moment. Reading brain on fire. Anyone read it? https://t.co/EHNMykpIOD	neutral
brain on fire is a book? ooooohhhhhhh	neutral
RT @HilaryDuff: Taking a moment. Reading brain on fire. Anyone read it? https://t.co/EHNMykpIOD	neutral
RT @HilaryDuff: Taking a moment. Reading brain on fire. Anyone read it? https://t.co/EHNMykpIOD	neutral
RT @HilaryDuff: Taking a moment. Reading brain on fire. Anyone read it? https://t.co/EHNMykpIOD	neutral
RT @HilaryDuff: Taking a moment. Reading brain on fire. Anyone read it? https://t.co/EHNMykpIOD	neutral
RT @HilaryDuff: Taking a moment. Reading brain on fire. Anyone read it? https://t.co/EHNMykpIOD	neutral
RT @HilaryDuff: Taking a moment. Reading brain on fire. Anyone read it? https://t.co/EHNMykpIOD	neutral
RT @HilaryDuff: Taking a moment. Reading brain on fire. Anyone read it? https://t.co/EHNMykpIOD	neutral
RT @HilaryDuff: Taking a moment. Reading brain on fire. Anyone read it? https://t.co/EHNMykpIOD	neutral
RT @HilaryDuff: Taking a moment. Reading brain on fire. Anyone read it? https://t.co/EHNMykpIOD	neutral
RT @HilaryDuff: Taking a moment. Reading brain on fire. Anyone read it? https://t.co/EHNMykpIOD	neutral
RT @HilaryDuff: Taking a moment. Reading brain on fire. Anyone read it? https://t.co/EHNMykpIOD	neutral
RT @HilaryDuff: Taking a moment. Reading brain on fire. Anyone read it? https://t.co/EHNMykpIOD	neutral
Taking a moment. Reading brain on fire. Anyone read it?Filed under: Hilary Duff, Hollywood        #HilaryDuff Tak‚Ä¶‚Ä¶ https://t.co/34akekzuQp	neutral
RT @HilaryDuff: Taking a moment. Reading brain on fire. Anyone read it? https://t.co/EHNMykpIOD	neutral
RT @HilaryDuff: Taking a moment. Reading brain on fire. Anyone read it? https://t.co/EHNMykpIOD	neutral
*goes read Brain on Fire* https://t.co/Ly3a86z6cm	neutral
RT @HilaryDuff: Taking a moment. Reading brain on fire. Anyone read it? https://t.co/EHNMykpIOD	neutral
RT @HilaryDuff: Taking a moment. Reading brain on fire. Anyone read it? https://t.co/EHNMykpIOD	neutral
RT @HilaryDuff: Taking a moment. Reading brain on fire. Anyone read it? https://t.co/EHNMykpIOD	neutral
RT @HilaryDuff: Taking a moment. Reading brain on fire. Anyone read it? https://t.co/EHNMykpIOD	neutral
RT @HilaryDuff: Taking a moment. Reading brain on fire. Anyone read it? https://t.co/EHNMykpIOD	neutral
RT @HilaryDuff: Taking a moment. Reading brain on fire. Anyone read it? https://t.co/EHNMykpIOD	neutral
RT @HilaryDuff: Taking a moment. Reading brain on fire. Anyone read it? https://t.co/EHNMykpIOD	neutral
RT @HilaryDuff: Taking a moment. Reading brain on fire. Anyone read it? https://t.co/EHNMykpIOD	neutral
RT @HilaryDuff: Taking a moment. Reading brain on fire. Anyone read it? https://t.co/EHNMykpIOD	neutral
RT @HilaryDuff: Taking a moment. Reading brain on fire. Anyone read it? https://t.co/EHNMykpIOD	neutral
RT @HilaryDuff: Taking a moment. Reading brain on fire. Anyone read it? https://t.co/EHNMykpIOD	neutral
RT @HilaryDuff: Taking a moment. Reading brain on fire. Anyone read it? https://t.co/EHNMykpIOD	neutral
RT @HilaryDuff: Taking a moment. Reading brain on fire. Anyone read it? https://t.co/EHNMykpIOD	neutral
RT @HilaryDuff: Taking a moment. Reading brain on fire. Anyone read it? https://t.co/EHNMykpIOD	neutral
RT @HilaryDuff: Taking a moment. Reading brain on fire. Anyone read it? https://t.co/EHNMykpIOD	neutral
RT @HilaryDuff: Taking a moment. Reading brain on fire. Anyone read it? https://t.co/EHNMykpIOD	neutral
RT @HilaryDuff: Taking a moment. Reading brain on fire. Anyone read it? https://t.co/EHNMykpIOD	neutral
RT @HilaryDuff: Taking a moment. Reading brain on fire. Anyone read it? https://t.co/EHNMykpIOD	neutral
RT @HilaryDuff: Taking a moment. Reading brain on fire. Anyone read it? https://t.co/EHNMykpIOD	neutral
RT @HilaryDuff: Taking a moment. Reading brain on fire. Anyone read it? https://t.co/EHNMykpIOD	neutral
RT @HilaryDuff: Taking a moment. Reading brain on fire. Anyone read it? https://t.co/EHNMykpIOD	neutral
RT @HilaryDuff: Taking a moment. Reading brain on fire. Anyone read it? https://t.co/EHNMykpIOD	neutral
RT @HilaryDuff: Taking a moment. Reading brain on fire. Anyone read it? https://t.co/EHNMykpIOD	neutral
RT @HilaryDuff: Taking a moment. Reading brain on fire. Anyone read it? https://t.co/EHNMykpIOD	neutral
RT @HilaryDuff: Taking a moment. Reading brain on fire. Anyone read it? https://t.co/EHNMykpIOD	neutral
RT @HilaryDuff: Taking a moment. Reading brain on fire. Anyone read it? https://t.co/EHNMykpIOD	neutral
RT @HilaryDuff: Taking a moment. Reading brain on fire. Anyone read it? https://t.co/EHNMykpIOD	neutral
RT @HilaryDuff: Taking a moment. Reading brain on fire. Anyone read it? https://t.co/EHNMykpIOD	neutral
RT @HilaryDuff: Taking a moment. Reading brain on fire. Anyone read it? https://t.co/EHNMykpIOD	neutral
RT @HilaryDuff: Taking a moment. Reading brain on fire. Anyone read it? https://t.co/EHNMykpIOD	neutral
RT @HilaryDuff: Taking a moment. Reading brain on fire. Anyone read it? https://t.co/EHNMykpIOD	neutral
RT @HilaryDuff: Taking a moment. Reading brain on fire. Anyone read it? https://t.co/EHNMykpIOD	neutral
RT @HilaryDuff: Taking a moment. Reading brain on fire. Anyone read it? https://t.co/EHNMykpIOD	neutral
RT @HilaryDuff: Taking a moment. Reading brain on fire. Anyone read it? https://t.co/EHNMykpIOD	neutral
RT @HilaryDuff: Taking a moment. Reading brain on fire. Anyone read it? https://t.co/EHNMykpIOD	neutral
RT @HilaryDuff: Taking a moment. Reading brain on fire. Anyone read it? https://t.co/EHNMykpIOD	neutral
RT @HilaryDuff: Taking a moment. Reading brain on fire. Anyone read it? https://t.co/EHNMykpIOD	neutral
RT @HilaryDuff: Taking a moment. Reading brain on fire. Anyone read it? https://t.co/EHNMykpIOD	neutral
RT @HilaryDuff: Taking a moment. Reading brain on fire. Anyone read it? https://t.co/EHNMykpIOD	neutral
RT @HilaryDuff: Taking a moment. Reading brain on fire. Anyone read it? https://t.co/EHNMykpIOD	neutral
RT @HilaryDuff: Taking a moment. Reading brain on fire. Anyone read it? https://t.co/EHNMykpIOD	neutral
RT @HilaryDuff: Taking a moment. Reading brain on fire. Anyone read it? https://t.co/EHNMykpIOD	neutral
RT @HilaryDuff: Taking a moment. Reading brain on fire. Anyone read it? https://t.co/EHNMykpIOD	neutral
RT @HilaryDuff: Taking a moment. Reading brain on fire. Anyone read it? https://t.co/EHNMykpIOD	neutral
RT @HilaryDuff: Taking a moment. Reading brain on fire. Anyone read it? https://t.co/EHNMykpIOD	neutral
RT @HilaryDuff: Taking a moment. Reading brain on fire. Anyone read it? https://t.co/EHNMykpIOD	neutral
RT @HilaryDuff: Taking a moment. Reading brain on fire. Anyone read it? https://t.co/EHNMykpIOD	neutral
RT @HilaryDuff: Taking a moment. Reading brain on fire. Anyone read it? https://t.co/EHNMykpIOD	neutral
RT @HilaryDuff: Taking a moment. Reading brain on fire. Anyone read it? https://t.co/EHNMykpIOD	neutral
RT @HilaryDuff: Taking a moment. Reading brain on fire. Anyone read it? https://t.co/EHNMykpIOD	neutral
RT @HilaryDuff: Taking a moment. Reading brain on fire. Anyone read it? https://t.co/EHNMykpIOD	neutral
RT @HilaryDuff: Taking a moment. Reading brain on fire. Anyone read it? https://t.co/EHNMykpIOD	neutral
Taking a moment. Reading brain on fire. Anyone read it? https://t.co/EHNMykpIOD	neutral
RT @purplesoul1023: Brain on fire makes me remembered 1liter of tears of Japan‚ù§. Live your life to the fullest no matter what it takes ever‚Ä¶	positive
RT @DasSpooks: @JohnNew2015 @illumineNO @marylou_lozano @realDonaldTrump "Illumine" oh there's a brain on fire all right, crispy in fact.	positive
RT @DasSpooks: @JohnNew2015 @illumineNO @marylou_lozano @realDonaldTrump "Illumine" oh there's a brain on fire all right, crispy in fact.	positive
@JohnNew2015 @illumineNO @marylou_lozano @realDonaldTrump "Illumine" oh there's a brain on fire all right, crispy in fact.	positive
RT @postersandme: @openmylab @MECFSquestions @DrFulli @johnthejack @DrSpeedyandME @_Lucibee Example of https://t.co/qHVFjvFuea	neutral
4 of 5 stars to Brain on Fire by Susannah Cahalan https://t.co/JQMcSo5qbP	neutral
4 of 5 stars to Brain on Fire by Susannah Cahalan https://t.co/JQMcSo5qbP	neutral
Paker I can see why you getting ur brain on fire,as a white guy, you think you own the world and the world should leave the way you want it.	neutral
@allenmarkca Oh I realized while typing that last thing, it's not fiction but Brain on Fire was one of the craziest things I've ever read	neutral
Disloyalty, is pushing me thru the roof! Gonna light ur brain on fire, like it was a burning bush! Break u down, like a bud of purple kushüò≤	neutral
@cactuxz @blessedtwd Brain On Fire	neutral
Because I'm anxious, I'm super low on tolerance and everything is literally setting my brain on fire	neutral
Brain on fire makes me remembered 1liter of tears of Japan‚ù§. Live your life to the fullest no matter what it takes everyday.	positive
RT @oskarumbrellas: I found a couple more Brain on Fire promo pictures of @ChloeGMoretz üòÉThis movie seriously needs a worldwide release so‚Ä¶	neutral
RT @oskarumbrellas: Remember that from tomorrow (April 13) all you lucky Chlo√´ fans in Thailand are finally able to watch "Brain on Fire" w‚Ä¶	neutral
RT @oskarumbrellas: Found a new Brain on Fire promo picture of @ChloeGMoretz Thailand - April 13Vietnam - April 21Singapore - May 4Taiw‚Ä¶	neutral
RT @oskarumbrellas: More good news: Brain on Fire with @ChloeGMoretz will also be released in Hong Kong theaters on April 27, 2017 üòÉhttps:‚Ä¶	positive
RT @oskarumbrellas: The Brain on Fire IMDb page has now been updated with the Hong Kong & Singapore release dates - @ChloeGMoretz https://t‚Ä¶	neutral
RT @oskarumbrellas: The IMDb page for Brain on Fire with @ChloeGMoretz has now been updated with all the currently known release dates üòÉht‚Ä¶	neutral
https://t.co/gvbPN8bGbNBrain on fire. Tragic story of miss diagnosis	neutral
RT @armitageblogger: #RichardArmitage movie #BrainOnFire soon available on Netflix https://t.co/bOTQHlUFoX #Oceans8 #BerlinStation #Pilgrim‚Ä¶	neutral
RT @armitageblogger: #RichardArmitage in #MyZoe movie https://t.co/bOTQHmcgNx Details https://t.co/yxqax6EuMF #Pilgrimage #BrainOnFire http‚Ä¶	neutral
Status: Setting my brain on fire by thinking about Makai headcanons.	neutral
RT @armitageblogger: #RichardArmitage in #MyZoe movie https://t.co/bOTQHmcgNx Details https://t.co/yxqax6EuMF #Pilgrimage #BrainOnFire http‚Ä¶	neutral
RT @armitageblogger: #RichardArmitage movie #BrainOnFire soon available on Netflix https://t.co/bOTQHlUFoX #Oceans8 #BerlinStation #Pilgrim‚Ä¶	neutral
Brain on fire, please be good	positive
RT @mooseturds: New #BrainOnFire photos at Thai distributor's site: https://t.co/Zn3W2ktLPC https://t.co/t31plRjBmE	neutral
@openmylab @MECFSquestions @DrFulli @johnthejack @DrSpeedyandME @_Lucibee Example of https://t.co/qHVFjvFuea	neutral
I then read #BrainonFire on Christmas eve in a shopping line waiting for my mother üôäüòÇ	neutral
Chloe Moretz at the Brain on Fire Premiere During Toronto International Film Festival https://t.co/kJNuxcP93U #ChloeMoretz	neutral
5 of 5 stars to Brain on Fire by Susannah Cahalan https://t.co/nX5t5DG5lN	neutral
Brain on fire	neutral
Refuse it! never let your intellect be measured.Release the beast of desire to set your brain on fire. - [SQ (We Don't Need No EQ IQ)]	positive
@wintieee Brain on Fire is goodüòÆ	positive
isolation / you won't go to heaven / this is the part of the dances / a brain on fire at the brink of death / how many hands will never use	negative
Q: Phone plugged in over an hour. Still not charged. A: Plug not 'on'. 6wks no caffeine. #TeaOverload #derp #toomuchcaffeine #BrainOnFire	neutral
@misshybrid Miss - you aree lighting my brain on fire this weekend! And here's me unable to cum too...	neutral
RT @Lymenews: The connection between #mold toxicity and #mentalillness. https://t.co/D2yw7Kbe48 https://t.co/qoDcIyU5qI	neutral
Chloe Moretz at the Brain on Fire Premiere During Toronto International Film Festival https://t.co/3esE4FbAjj #ChloeMoretz	neutral
Marked as to-read: Brain on Fire by Susannah Cahalan https://t.co/DkaPZlf1qd	neutral
How lucky you are! #BrainOnFire in Thailand https://t.co/bbHIRUnh9qhttps://t.co/h2Vyu35VO9https://t.co/PF3CpcD1KO	neutral
AND WHY AM I ALWAYS LATE..... Anyways, HAPPY BIRTHDAY PUPPY JUNG WHEEIN, this picture will always set my brain on f‚Ä¶ https://t.co/REc4cfzHW3	positive
RT @RCArmitageTH: From Thai TV program! #BrainOnFire https://t.co/ndJYgwuFBY	neutral
I can count on one hand the number of times I've walked out of a movie theater with my brain on fire, and this was one of them.	neutral
RT @mooseturds: Bangkok Post chooses #BrainOnFire as its Pick of the Week. Hope this means it'll do well in Thailand ü§û¬†https://t.co/GHMYumw‚Ä¶	positive
Cleric - Brain On Fire (Directed By UPTOWN RACCZ) SONY A6300 https://t.co/epuOWrKHDz via @YouTube @kevingates #easter	neutral
RT @mooseturds: Bangkok Post chooses #BrainOnFire as its Pick of the Week. Hope this means it'll do well in Thailand ü§û¬†https://t.co/GHMYumw‚Ä¶	positive
RT @HeysannaHosanna: Glossary of MRI Terms #EMR #AHCA #Radiohead #Radio #radiology #DepressionLetsTalk #TeensConference2017 #BrainOnFire  h‚Ä¶	neutral
RT @oskarumbrellas: Found a new Brain on Fire promo picture of @ChloeGMoretz Thailand - April 13Vietnam - April 21Singapore - May 4Taiw‚Ä¶	neutral
