RT @MarvelEntCA: Blast Off with Guardians of the Galaxy Vol. 2, in theatres in 10 days! https://t.co/inxB75wlnG	neutral
RT @billboard: Don't miss Miley Cyrus voicing a robot in "Guardians of the Galaxy Vol. 2" https://t.co/DbXA7IacQT / via @SPIN https://t.co/â€¦	neutral
RT @ComicBook_Movie: .@Guardians Of The Galaxy Vol. 2 Review: @Marvel's Funniest & Most Emotionally Engaging Movie So Far https://t.co/7GNaâ€¦	neutral
RT @thatgeekinside: The Guardians of the Galaxy Vol. 2 cast is me every day. #GotGVol2 https://t.co/IIma5Cbg7n	neutral
RT @filmgob: Hector Navarro said what about Guardians of the Galaxy Vol 2 ? ðŸ˜‚#GotGVol2 #Marvel https://t.co/UU5WsN1xEI	neutral
Guardians of the Galaxy Vol 2 is ðŸ‘ŒðŸ¼ðŸ‘ŒðŸ¼ðŸ‘ŒðŸ¼ðŸ‘ŒðŸ¼ðŸ‘ŒðŸ¼ðŸ‘ŒðŸ¼ðŸ‘ŒðŸ¼ðŸ‘ŒðŸ¼ðŸ‘ŒðŸ¼ðŸ‘ŒðŸ¼ðŸ‘ŒðŸ¼ðŸ‘ŒðŸ¼	neutral
AVENGERS 4 Title Seemingly Revealed By GUARDIANS OF THE GALAXY VOL. 2 Actress Zoe Saldana https://t.co/A90iarstAr	neutral
RT @JayLee_Official: Guardians of the galaxy vol.2 premier ðŸŽ¥âœ¨ @ Eventim Apollo https://t.co/GdJtPmHzMb	neutral
RT @things_marvel: à¸ à¸²à¸žà¹ƒà¸«à¸¡à¹ˆà¸‚à¸­à¸‡ Guardians of the Galaxy Vol. 2 à¸ˆà¸²à¸ Entertainment Weekly (1/2) #GotGVol2 #GuardiansoftheGalaxyVol2 https://t.câ€¦	neutral
Video: Guardians Of The Galaxy Vol. 2 UK Special Screening https://t.co/v2PpJMsXEt	neutral
Guardians of the Galaxy Vol. 2:Bought and ate Doritos Original Salted Guardians of the Galaxy Volume 2 edition... https://t.co/58AdITZIWY	neutral
RT @MarvelCmcs_Newz: Zoe Saldana accidentally lets slip Avengers 4's official title during Guardians of the Galaxy Vol 2 premiere https://tâ€¦	neutral
Kurt Russell Interview for Guardians Of The Galaxy Vol. 2 UK Screening WATCH at: https://t.co/ZRtsFfTU9i https://t.co/ajUB2hvbbR	neutral
James Gunn Interview for Guardians Of The Galaxy Vol. 2 UK Screening WATCH at: https://t.co/07c5kziB19 https://t.co/chxQi1kv0Z	neutral
Michael Rooker Interview for Guardians Of The Galaxy Vol. 2 UK Screening WATCH at: https://t.co/p6eXiUnhC8 https://t.co/U1AGSKsN9b	neutral
Zoe Saldana Interview for Guardians Of The Galaxy Vol. 2 UK Screening WATCH at: https://t.co/7Lm5N9d6a7 https://t.co/uC5Idz6uYu	neutral
Just returned from seeing Guardians of the Galaxy Vol. 2 - #hilarious #GotGVol2 https://t.co/GeWW16TZbd	positive
Chris Pratt Interview for Guardians Of The Galaxy Vol. 2 UK Screening WATCH at: https://t.co/ezgfUjkoEZ https://t.co/cd4vnF6etT	neutral
Karen Gillan Interview for Guardians Of The Galaxy Vol. 2 UK Screening WATCH at: https://t.co/f6QRxdJ74K https://t.co/V9KxZt2Z0O	neutral
Pom Klementieff Interview for Guardians Of The Galaxy Vol. 2 UK Screening WATCH at: https://t.co/53BGl9O7Ff https://t.co/uBPZFteDnP	neutral
See the Bonding Between Characters in 'Guardians of the Galaxy Vol. 2' Featurette - #GuardiansOfTheGalaxyVol.2Newsâ€¦ https://t.co/vKkoWtYoOe	neutral
RT @the__tech_news: Guardians of the Galaxy Vol. 2 review: sophomore slump - https://t.co/OyKK5C4N0u #technews https://t.co/Eml41eTOG1	neutral
#GotGVol2 doesn't top the 1st flick but top-notch action, daddy issues, & Baby Groot keep it afloat writes @dinorayâ€¦ https://t.co/b86VVsMsrJ	positive
Head into the weekend like David Hasselhoff rapping on 'Guardians of the Galaxy Vol. 2' https://t.co/jLTdQdRLTG https://t.co/xTSEg0EMVZ	neutral
[Dossier] Guardians of the Galaxy Vol.2 â€“ Guide de lecture chez @paninicomicsfra #GotGVol2 #GardiensdelaGalaxie2â€¦ https://t.co/AbdL2deJTu	neutral
SNEAK PREVIEW THURS MAY 4: GUARDIANS OF THE GALAXY VOL 2 https://t.co/KJf2tiHXja	neutral
Guardians of the Galaxy Vol.2: Das Comeback der Weltraum-Helden - RP ONLINE	neutral
https://t.co/BMJL41F4US : #Guardians #TheGalaxy - #â€˜Guardians of the Galaxy Vol. 2,â€™ #â€˜American Assassinâ€™ https://t.co/MEQAEUgjSc	neutral
https://t.co/NTsIbRMZ7s : #Guardians #TheGalaxy - #â€˜Guardians of the Galaxy Vol. 2,â€™ #â€˜American Assassinâ€™ https://t.co/6UXnT9MlcK	neutral
https://t.co/pRAf2f4gpM : #Guardians #TheGalaxy - #â€˜Guardians of the Galaxy Vol. 2,â€™ #â€˜American Assassinâ€™ https://t.co/y3PEgESsuP	neutral
https://t.co/X2KuoMyvQc : #Guardians #TheGalaxy - #â€˜Guardians of the Galaxy Vol. 2,â€™ #â€˜American Assassinâ€™ https://t.co/MQqtmiSrja	neutral
https://t.co/nwZriRIIDO : #Guardians #TheGalaxy - #â€˜Guardians of the Galaxy Vol. 2,â€™ #â€˜American Assassinâ€™ https://t.co/oj66xnDfiP	neutral
RT @TheWrap: .@Guardians of the Galaxy Vol. 2â€™ Review: Second Album Is All Hooks, No Deep Cuts https://t.co/fBKy7Nr25a	neutral
Want to go see #GuardiansOfTheGalaxy2 ? We got tickets! https://t.co/hkMVgiVFmF	neutral
#APITConnect - When Bollywood met Guardians of the Galaxy Vol: 2 https://t.co/6938hodXwz	neutral
RT @MarvelEntCA: Blast Off with Guardians of the Galaxy Vol. 2, in theatres in 10 days! https://t.co/inxB75wlnG	neutral
RT @Kidzcoolit: #TuesdayMotivation Guardians of the Galaxy Vol 2 is easily as brilliant as the first film! https://t.co/MYLqNz8x73 https://â€¦	positive
â€˜Guardians of the Galaxy Vol. 2,â€™ â€˜American Assassinâ€™ Top Social Media Buzz via @variety #MarkFalvo #BestWishes	positive
Guardians of the Galaxy Vol. 2 director James Gunn on the inclusion of gay characters https://t.co/wS92oL7Edg https://t.co/vyk7E06TBg	neutral
RT @filmgob: Hector Navarro said what about Guardians of the Galaxy Vol 2 ? ðŸ˜‚#GotGVol2 #Marvel https://t.co/UU5WsN1xEI	neutral
ðŸŽ¥ Guardians of the Galaxy vol. 2 (at @IMAXMelbourne in Melbourne, VIC, VIC) https://t.co/LA6mM0cTPj	neutral
RT @hmvtweets: The perfect soundtrack for saving the galaxy (again) is out NOW! Get #GotGVol2 on CD in-stores & online: https://t.co/Zg7d7Fâ€¦	positive
RT @MarvelCmcs_Newz: Zoe Saldana accidentally lets slip Avengers 4's official title during Guardians of the Galaxy Vol 2 premiere https://tâ€¦	neutral
RT @Kidzcoolit: #TuesdayMotivation Guardians of the Galaxy Vol 2 is easily as brilliant as the first film! https://t.co/MYLqNz8x73 https://â€¦	positive
Guardians Of The Galaxy vol.2 today!!!	neutral
RT @BBCR1: "It's laugh out loud, genuinely funny" - @prattprattpratt chats to Grimmy about Guardians of the Galaxy Vol. 2 ðŸŒŒhttps://t.co/lâ€¦	positive
RT @CentralPictureH: "That sense of gooey euphoria runs through everything thatâ€™s good in Guardians of the Galaxy Vol 2 " Open Friday! httpâ€¦	positive
RT @Kidzcoolit: #TuesdayMotivation Guardians of the Galaxy Vol 2 is easily as brilliant as the first film! https://t.co/MYLqNz8x73 https://â€¦	positive
RT @thncom: Video: Guardians Of The Galaxy Vol. 2 UK Special Screening   https://t.co/aSBj2zyWEM https://t.co/n70KoPF3Wc	neutral
Video: Guardians Of The Galaxy Vol. 2 UK Special Screening https://t.co/lQSGQgiLhA https://t.co/CT645xPO5C	neutral
Guardians 2: Guard Harder â€” watching Guardians of the Galaxy Vol. 2	neutral
#TuesdayMotivation Guardians of the Galaxy Vol 2 is easily as brilliant as the first film! https://t.co/MYLqNz8x73 https://t.co/yjO3jWamCY	positive
RT @JayLee_Official: Guardians of the galaxy vol.2 premier ðŸŽ¥âœ¨ @ Eventim Apollo https://t.co/GdJtPmHzMb	neutral
Guess which major popstar has a secret cameo in Guardians of the Galaxy Vol 2? - https://t.co/YodaiS5fZ3 https://t.co/QbWHeUGOTr	neutral
â€˜Guardians of the Galaxy Vol. 2,â€™ â€˜American Assassinâ€™ Top Social Media Buzz https://t.co/MKL9uInylx via @variety	positive
Video: Guardians Of The Galaxy Vol. 2 UK Special Screening   https://t.co/aSBj2zyWEM https://t.co/n70KoPF3Wc	neutral
RT @hmvtweets: The perfect soundtrack for saving the galaxy (again) is out NOW! Get #GotGVol2 on CD in-stores & online: https://t.co/Zg7d7Fâ€¦	positive
RT @hmvtweets: The perfect soundtrack for saving the galaxy (again) is out NOW! Get #GotGVol2 on CD in-stores & online: https://t.co/Zg7d7Fâ€¦	positive
I liked a @YouTube video https://t.co/BQMB8iiVeF Guardians of the Galaxy Vol. 2: Chris Pratt's AMAZING dance moves!	positive
Guardians of the Galaxy Vol. 2 director James Gunn on the inclusion of gay characters https://t.co/0D8b6rjzGy https://t.co/EPvNqxHRdI	neutral
RT @Gabrielq323: I really want to see Guardians of the Galaxy vol.2	neutral
Zoe Saldana accidentally lets slip Avengers 4's official title during Guardians of the Galaxy Vol 2 premiereâ€¦ https://t.co/lDakJfg7to	neutral
RT @Prince_mojo_: https://t.co/WwkzFp7KN4Guardians of the Galaxy Vol.2 Premiere in London, UK April 2017#ZoeSaldana #ChrisPratt #karengilâ€¦	neutral
RT @BBCR1: "It's laugh out loud, genuinely funny" - @prattprattpratt chats to Grimmy about Guardians of the Galaxy Vol. 2 ðŸŒŒhttps://t.co/lâ€¦	positive
RT @Prince_mojo_: https://t.co/WwkzFp7KN4Guardians of the Galaxy Vol.2 Premiere in London, UK April 2017#ZoeSaldana #ChrisPratt #karengilâ€¦	neutral
I added a video to a @YouTube playlist https://t.co/yisrYHQo1F Guardians Of The Galaxy Vol 2 - Movie Review	neutral
Guardians of the Galaxy Vol.2 has 5 post credit scenes, so keep that in mind to not miss them.	neutral
RT @nerdist: #GuardiansOftheGalaxy Vol. 2 is a sci-fi comedy delight. @FunctionalNerd reviews: https://t.co/3DKC45AJOH https://t.co/gxu56qQâ€¦	positive
RT @HeyUGuys: We absolutely loved Guardians of the Galaxy Vol. 2 - here's our review of the latest triumph to come out of the MCU https://tâ€¦	positive
RT @Marvel_FFightUS: Check out the Guardians of the Galaxy VOL. 2 inspired piece by Young-il Yu from the MARVEL Future Fight dev team! httpâ€¦	neutral
RT @DaysTilGoTGVol2: 12 days until @Guardians of the Galaxy Vol. 2! | 5â€¢5â€¢2017 @JamesGunn @prattprattpratt#GoTGVol2 https://t.co/5wb2UPGkzI	neutral
RT @MovePH: On Rappler X: Get ready for an out-of- this-world adventure. Behold The Guardians of the Galaxy! https://t.co/vGZqNHzua8	positive
RT @Attractions: Special thanks to @patrickzfilms & @minkus from @thingamavlogs for reviewing @Guardians of the Galaxy Vol. 2 for us: httpsâ€¦	neutral
RT @BBCR1: "It's laugh out loud, genuinely funny" - @prattprattpratt chats to Grimmy about Guardians of the Galaxy Vol. 2 ðŸŒŒhttps://t.co/lâ€¦	positive
Watched Guardians of the Galaxy Vol.2 today. It was AMAZING!! #loveit #GotGVol2 #awesome	positive
Saw Guardians of the Galaxy Vol.2 last night. It definitely matched the awesomeness of the first one and had heart. #GOTGVOL2inIMAX	neutral
RT @Variety: â€˜Guardians of the Galaxy Vol. 2,â€™ â€˜American Assassinâ€™ Top Social Media Buzz https://t.co/ThVDGM3TVV	positive
RT @BBCR1: "It's laugh out loud, genuinely funny" - @prattprattpratt chats to Grimmy about Guardians of the Galaxy Vol. 2 ðŸŒŒhttps://t.co/lâ€¦	positive
RT @hmvtweets: The perfect soundtrack for saving the galaxy (again) is out NOW! Get #GotGVol2 on CD in-stores & online: https://t.co/Zg7d7Fâ€¦	positive
Guardians Of The Galaxy Vol. 2 https://t.co/OAWXMNbgpV	neutral
Zoe Saldana accidentally lets slip Avengers 4's official title during Guardians of the Galaxy Vol 2 premiere:ðŸ˜³â€¦ https://t.co/vO2BpVVYYN	neutral
RT @JordanESamuel: Seriously! Check out my #GotGVol2 review on @ComiConverse https://t.co/j3idHJWQII	neutral
"It's laugh out loud, genuinely funny" - @prattprattpratt chats to Grimmy about Guardians of the Galaxy Vol. 2 ðŸŒŒhttps://t.co/llj42DIpTc	positive
SOPHIE HERMANN at Guardians of the Galaxy Vol. 2 Premiere in London 04/24/2017 #celebrity #hot #celebsâ€¦ https://t.co/1jrDSUpD48	neutral
OLIVIA COX at Guardians of the Galaxy Vol. 2 Premiere in London 04/24/2017 #celebrity #hot #celebsâ€¦ https://t.co/jGuXUQQGfG	neutral
Guardians of the galaxy vol 2 blew me away ðŸ˜	positive
oh Guardians of the Galaxy Vol. 2 isnt out untill may 5th in poland oh... welp there go my plans for tomorrow then ðŸ˜	neutral
RT @OriginalFunko: RT & follow @OriginalFunko for the chance to win a Guardians of the Galaxy: Vol. 2 box from Marvel Collector Corps! httpâ€¦	neutral
RT @hmvtweets: The perfect soundtrack for saving the galaxy (again) is out NOW! Get #GotGVol2 on CD in-stores & online: https://t.co/Zg7d7Fâ€¦	positive
The perfect soundtrack for saving the galaxy (again) is out NOW! Get #GotGVol2 on CD in-stores & online:â€¦ https://t.co/SAsbAzMS7N	positive
RT @TheWrap: .@Guardians of the Galaxy Vol. 2â€™ Review: Second Album Is All Hooks, No Deep Cuts https://t.co/fBKy7Nr25a	neutral
#watching Guardians Of The Galaxy VOL. 2	neutral
Guardians of the Galaxy Vol 2 European Premiere - ZOE SALDANA, KAREN GILLAN (2017) HD: https://t.co/10ZV8ieQBK via @YouTube	neutral
Some quick, non-spoilery thoughts on Guardians of the Galaxy Vol. 2, which I mostly enjoyed... #GotGVol2	positive
RT @kumailn: Guardians of the Galaxy Vol. 2 is stunning in every sense. Hilarious & thrilling but also very moving. @JamesGunn is a warriorâ€¦	positive
Guardians of the Galaxy Vol 2 https://t.co/u4p8Ag10Mp	neutral
Guardians of the Galaxy Vol.2 premiere tonight! >ww<	neutral
I added a video to a @YouTube playlist https://t.co/iVaxIMGn8d Guardians of the Galaxy Vol. 2 â€“ Interview: Chris Pratt	neutral
RT @digitalspy: Zoe Saldana accidentally lets slip Avengers 4's official title during Guardians of the Galaxy Vol 2 premiere:ðŸ˜³https://tâ€¦	neutral
Family Is the Focus of the Latest Guardians of the Galaxy Vol. 2 Featurette https://t.co/zdDUJ19zq4 #culture #feedly	neutral
Family Is the Focus of the Latest Guardians of the Galaxy Vol. 2 Featurette https://t.co/zdDUJ19zq4 #culture #feedly	neutral
Zoe Saldana accidentally lets slip Avengers 4's official title during Guardians of the Galaxy Vol 2 premiere:ðŸ˜³â€¦ https://t.co/MttqOIHPmt	neutral
RT @billboard: Don't miss Miley Cyrus voicing a robot in "Guardians of the Galaxy Vol. 2" https://t.co/DbXA7IacQT / via @SPIN https://t.co/â€¦	neutral
RT @themommybunch: #GotGVol2Event The Guardians of the Galaxy Vol. 2 premiere was a ton of fun, and the movie wasâ€¦ https://t.co/oDL6jqIwit	positive
RT @kumailn: Guardians of the Galaxy Vol. 2 is stunning in every sense. Hilarious & thrilling but also very moving. @JamesGunn is a warriorâ€¦	positive
RT @Crimson_MM: Guardians of the Galaxy Vol 2 - Advance booking now open at Anga IMAX now! https://t.co/Bz8OFfy4OQ	neutral
"But the MVPs in Guardians 2 are still the in-house computerized scene-stealers." @Framestore @alviseavati https://t.co/OBpHxFljEA	neutral
RT @billboard: Don't miss Miley Cyrus voicing a robot in "Guardians of the Galaxy Vol. 2" https://t.co/DbXA7IacQT / via @SPIN https://t.co/â€¦	neutral
RT @MarvelEntCA: Blast Off with Guardians of the Galaxy Vol. 2, in theatres in 10 days! https://t.co/inxB75wlnG	neutral
RT @fox914SL: #Fox914 presents yet another epic #Movie Premiere- Tune In to #Win invites 'Guardians of the Galaxy Vol. 2'!#lka #srilankaâ€¦	neutral
Film Review I GUARDIANS OF THE GALAXY VOL. 2: Gerade erst sind in "Guardians of the Galaxy" ausâ€¦ https://t.co/xjV1cizdfo #movie #reviews	neutral
@lockwood_dawn Hi Dawn I'm hosting a private cinema event in Leeds on the 25th May would love if you can attend https://t.co/ErY56zHVuw	positive
RT @Disney_UK: See an exclusive sneak peek of the brand new #PiratesoftheCaribbean when you see #GotGVol2 at @cineworld from Fri! https://tâ€¦	neutral
Just came back from watching Guardians of the Galaxy Vol. 2. It's a pretty decent film, but definitely not the best. #GotGVol2	positive
RT @Variety: â€˜Guardians of the Galaxy Vol. 2,â€™ â€˜American Assassinâ€™ Top Social Media Buzz https://t.co/ThVDGM3TVV	positive
RT @NESTRON2000: Fleetwood Mac - The Chain (Guardians Of The Galaxy: Vol. 2 - Trailer 3 S... https://t.co/l81yS82ASD	neutral
RT @kumailn: Guardians of the Galaxy Vol. 2 is stunning in every sense. Hilarious & thrilling but also very moving. @JamesGunn is a warriorâ€¦	positive
Chris @prattprattpratt and @AnnaKFaris at last nights premiere of @Guardians of the Galaxy Vol 2 #GotGVol2 forâ€¦ https://t.co/GmfvdNfrVG	neutral
RT @Variety: â€˜Guardians of the Galaxy Vol. 2,â€™ â€˜American Assassinâ€™ Top Social Media Buzz https://t.co/ThVDGM3TVV	positive
RT @EWlive: Vin Diesel Says Baby Groot Was 'So Fun To Play' In 'Guardians of the Galaxy Vol. 2' #LADaily  https://t.co/bu6oPvcgT6 via @ew	positive
RT @Naomikisted: About lastnight @Guardians EPIC #marvel #superhero #GotGVol2 #premiere thanks @MarvelUK https://t.co/mSMIEatbBL https://t.â€¦	neutral
RT @Naomikisted: About lastnight @Guardians EPIC #marvel #superhero #GotGVol2 #premiere thanks @MarvelUK https://t.co/mSMIEatbBL https://t.â€¦	neutral
RT @Naomikisted: About lastnight @Guardians EPIC #marvel #superhero #GotGVol2 #premiere thanks @MarvelUK https://t.co/mSMIEatbBL https://t.â€¦	neutral
RT @Naomikisted: About lastnight @Guardians EPIC #marvel #superhero #GotGVol2 #premiere thanks @MarvelUK https://t.co/mSMIEatbBL https://t.â€¦	neutral
RT @Naomikisted: About lastnight @Guardians EPIC #marvel #superhero #GotGVol2 #premiere thanks @MarvelUK https://t.co/mSMIEatbBL https://t.â€¦	neutral
RT @Naomikisted: About lastnight @Guardians EPIC #marvel #superhero #GotGVol2 #premiere thanks @MarvelUK https://t.co/mSMIEatbBL https://t.â€¦	neutral
RT @Naomikisted: About lastnight @Guardians EPIC #marvel #superhero #GotGVol2 #premiere thanks @MarvelUK https://t.co/mSMIEatbBL https://t.â€¦	neutral
RT @Naomikisted: About lastnight @Guardians EPIC #marvel #superhero #GotGVol2 #premiere thanks @MarvelUK https://t.co/mSMIEatbBL https://t.â€¦	neutral
RT @Naomikisted: About lastnight @Guardians EPIC #marvel #superhero #GotGVol2 #premiere thanks @MarvelUK https://t.co/mSMIEatbBL https://t.â€¦	neutral
RT @Naomikisted: About lastnight @Guardians EPIC #marvel #superhero #GotGVol2 #premiere thanks @MarvelUK https://t.co/mSMIEatbBL https://t.â€¦	neutral
RT @Naomikisted: About lastnight @Guardians EPIC #marvel #superhero #GotGVol2 #premiere thanks @MarvelUK https://t.co/mSMIEatbBL https://t.â€¦	neutral
RT @Naomikisted: About lastnight @Guardians EPIC #marvel #superhero #GotGVol2 #premiere thanks @MarvelUK https://t.co/mSMIEatbBL https://t.â€¦	neutral
RT @Naomikisted: About lastnight @Guardians EPIC #marvel #superhero #GotGVol2 #premiere thanks @MarvelUK https://t.co/mSMIEatbBL https://t.â€¦	neutral
RT @Naomikisted: About lastnight @Guardians EPIC #marvel #superhero #GotGVol2 #premiere thanks @MarvelUK https://t.co/mSMIEatbBL https://t.â€¦	neutral
RT @Naomikisted: About lastnight @Guardians EPIC #marvel #superhero #GotGVol2 #premiere thanks @MarvelUK https://t.co/mSMIEatbBL https://t.â€¦	neutral
RT @Naomikisted: About lastnight @Guardians EPIC #marvel #superhero #GotGVol2 #premiere thanks @MarvelUK https://t.co/mSMIEatbBL https://t.â€¦	neutral
RT @Naomikisted: About lastnight @Guardians EPIC #marvel #superhero #GotGVol2 #premiere thanks @MarvelUK https://t.co/mSMIEatbBL https://t.â€¦	neutral
RT @Naomikisted: About lastnight @Guardians EPIC #marvel #superhero #GotGVol2 #premiere thanks @MarvelUK https://t.co/mSMIEatbBL https://t.â€¦	neutral
New Guardians of the Galaxy Vol 2 Poster in today, come and chem 'em out! https://t.co/FWlF1Zf8EP https://t.co/jOVHmVOQyF	neutral
RT @Naomikisted: About lastnight @Guardians EPIC #marvel #superhero #GotGVol2 #premiere thanks @MarvelUK https://t.co/mSMIEatbBL https://t.â€¦	neutral
RT @Naomikisted: About lastnight @Guardians EPIC #marvel #superhero #GotGVol2 #premiere thanks @MarvelUK https://t.co/mSMIEatbBL https://t.â€¦	neutral
RT @Naomikisted: About lastnight @Guardians EPIC #marvel #superhero #GotGVol2 #premiere thanks @MarvelUK https://t.co/mSMIEatbBL https://t.â€¦	neutral
RT @Naomikisted: About lastnight @Guardians EPIC #marvel #superhero #GotGVol2 #premiere thanks @MarvelUK https://t.co/mSMIEatbBL https://t.â€¦	neutral
RT @Naomikisted: About lastnight @Guardians EPIC #marvel #superhero #GotGVol2 #premiere thanks @MarvelUK https://t.co/mSMIEatbBL https://t.â€¦	neutral
RT @theyearofelan: Guardians of the Galaxy Vol 2 is smart, hilarious, beautiful, and more emotional than you can imagine. @JamesGunn is a mâ€¦	positive
RT @Naomikisted: About lastnight @Guardians EPIC #marvel #superhero #GotGVol2 #premiere thanks @MarvelUK https://t.co/mSMIEatbBL https://t.â€¦	neutral
RT @Naomikisted: About lastnight @Guardians EPIC #marvel #superhero #GotGVol2 #premiere thanks @MarvelUK https://t.co/mSMIEatbBL https://t.â€¦	neutral
RT @Naomikisted: About lastnight @Guardians EPIC #marvel #superhero #GotGVol2 #premiere thanks @MarvelUK https://t.co/mSMIEatbBL https://t.â€¦	neutral
RT @Naomikisted: About lastnight @Guardians EPIC #marvel #superhero #GotGVol2 #premiere thanks @MarvelUK https://t.co/mSMIEatbBL https://t.â€¦	neutral
RT @Naomikisted: About lastnight @Guardians EPIC #marvel #superhero #GotGVol2 #premiere thanks @MarvelUK https://t.co/mSMIEatbBL https://t.â€¦	neutral
RT @Naomikisted: About lastnight @Guardians EPIC #marvel #superhero #GotGVol2 #premiere thanks @MarvelUK https://t.co/mSMIEatbBL https://t.â€¦	neutral
RT @Naomikisted: About lastnight @Guardians EPIC #marvel #superhero #GotGVol2 #premiere thanks @MarvelUK https://t.co/mSMIEatbBL https://t.â€¦	neutral
RT @Naomikisted: About lastnight @Guardians EPIC #marvel #superhero #GotGVol2 #premiere thanks @MarvelUK https://t.co/mSMIEatbBL https://t.â€¦	neutral
RT @Naomikisted: About lastnight @Guardians EPIC #marvel #superhero #GotGVol2 #premiere thanks @MarvelUK https://t.co/mSMIEatbBL https://t.â€¦	neutral
RT @Naomikisted: About lastnight @Guardians EPIC #marvel #superhero #GotGVol2 #premiere thanks @MarvelUK https://t.co/mSMIEatbBL https://t.â€¦	neutral
Showing na pala this week ang Guardians of the Galaxy Vol.2!!!	neutral
Guardians of the Galaxy vol.2 biletim de tamam ;)	neutral
Tomorrow Guardians of the Galaxy Vol. 2 is finally showing, I'm watching it with my best prens and prens ðŸ™ŒðŸ™ŒðŸ™Œ	positive
Guardians Of The Galaxy Vol. 2 (2017) Movie Thoughts: https://t.co/v6R1X5kOzL via @YouTube	neutral
RT @SuperheroNewsCB: VIDEO: Did the 'Avengers 4' title just get revealed by 'Guardians of the Galaxy Vol. 2' star Zoe Saldana?! https://t.câ€¦	neutral
About lastnight @Guardians EPIC #marvel #superhero #GotGVol2 #premiere thanks @MarvelUK https://t.co/mSMIEatbBL https://t.co/z2VDxo1Wbr	neutral
RT @Variety: â€˜Guardians of the Galaxy Vol. 2,â€™ â€˜American Assassinâ€™ Top Social Media Buzz https://t.co/ThVDGM3TVV	positive
RT @Variety: â€˜Guardians of the Galaxy Vol. 2,â€™ â€˜American Assassinâ€™ Top Social Media Buzz https://t.co/ThVDGM3TVV	positive
TFW: You've just watched Guardians of the Galaxy Vol 2. https://t.co/ydpm2yi8a3	neutral
RT @CentralPictureH: "That sense of gooey euphoria runs through everything thatâ€™s good in Guardians of the Galaxy Vol 2 " Open Friday! httpâ€¦	positive
RT @TRoseActor1: Sylvester Stallone Explains Why He Joined The MCU https://t.co/DJKrgBJBk6 via @ComicBook	neutral
RT @LEGO_Group: Check out this awesome #LEGOGroot build ! Whoâ€™s getting fired up for the new @MarvelUK Guardians of the Galaxy vol 2? httpsâ€¦	positive
ðŸ‡¬ðŸ‡§ Guardians of the Galaxy Vol. 2 Premiere in London on April 24, 2017. #AFP #GUARDIANSOFTHEGALAXY2 @Guardians https://t.co/aZ9FlgVvIz	neutral
RT @Variety: â€˜Guardians of the Galaxy Vol. 2,â€™ â€˜American Assassinâ€™ Top Social Media Buzz https://t.co/ThVDGM3TVV	positive
.Guardians of the Galaxy Vol. 2â€™ Review: Second Album Is All Hooks, No Deep Cuts https://t.co/ssyYPDuHsG	neutral
Guardians of the Galaxy Vol 2 was great! ðŸ˜ƒ really enjoyed it	positive
LMFAOOO oh no / Erm, Zoe Saldana lets slip Avengers 4's official title https://t.co/XKxOeQxles via @DigitalSpy	neutral
'Guardians of the Galaxy Vol. 2': Film Review - Hollywood Reporter https://t.co/PcxUllZPc7 #Hollywood #CelebrityNews	neutral
RT @filmgob: Guardians of the Galaxy Vol 2-hollow emotional core-no real purpose-pacing, story problems-exaggerates everythingðŸ… 92%#Gâ€¦	neutral
RT @ollyog: Guardians of the Galaxy Vol.2 European premiere! #GOTGVol2 https://t.co/sPlt0WC4uw https://t.co/nyB6wD8MHl	neutral
RT @CultureTrip: Miley Cyrus, Crazy Cameos and Other Surprises From #GUARDIANSOFTHEGALAXY2 [SPOILERS] #Groot #drax #Starlord #Gamora https:â€¦	positive
RT @LEGO_Group: Check out this awesome #LEGOGroot build ! Whoâ€™s getting fired up for the new @MarvelUK Guardians of the Galaxy vol 2? httpsâ€¦	positive
Guardians of the Galaxy vol. 2 : great flick. 8/10.	positive
RT @heroichollywood: 'Guardians Of The Galaxy Vol. 2' Early Review Round-Up: What The Critics Are Saying https://t.co/DpSAGpHLjs https://t.â€¦	neutral
RT @WeirdShitByMe: guardians of the galaxy vol. 2 here I come so fucking pumped for this	neutral
RT @TheWrap: .@Guardians of the Galaxy Vol. 2â€™ Review: Second Album Is All Hooks, No Deep Cuts https://t.co/fBKy7Nr25a	neutral
New to pre-order @hottoysofficial @Guardians @BabyGroot @Lifesize https://t.co/F5I8pzqnng https://t.co/UQ6NYgLYwD	neutral
Official Discussion: Guardians of the Galaxy Vol. 2 [SPOILERS] (International Thread) via /r/moviesâ€¦ https://t.co/iGaWVpD7Q8	neutral
RT @WeirdShitByMe: guardians of the galaxy vol. 2 here I come so fucking pumped for this	neutral
RT @HairyBabyTees: RT & Follow for your last chance today to win an exclusive Guardians of The Galaxy Vol 2 #GotGvol2 â€˜Is Mise Grootâ€™ t-shiâ€¦	neutral
RT @billboard: Don't miss Miley Cyrus voicing a robot in "Guardians of the Galaxy Vol. 2" https://t.co/DbXA7IacQT / via @SPIN https://t.co/â€¦	neutral
RT @washingtonpost: "Guardians of the Galaxy Vol. 2": Hereâ€™s what the first reviews are saying https://t.co/ShiLxyv8xW	neutral
RT @WhenInManila: We're giving away tickets to our screening of Guardians of the Galaxy Vol. 2 tomorrow night!Just RT! #WIMxGotG2https:â€¦	neutral
RT @Marvel_FFightUS: Check out the Guardians of the Galaxy VOL. 2 inspired piece by Young-il Yu from the MARVEL Future Fight dev team! httpâ€¦	neutral
RT @Variety: â€˜Guardians of the Galaxy Vol. 2,â€™ â€˜American Assassinâ€™ Top Social Media Buzz https://t.co/ThVDGM3TVV	positive
I saw Guardians of the Galaxy Vol.2 today and it was fricken amazing !!! I mean obviously	positive
praying the homecoming trailer shows during the previews before guardians of the galaxy vol.2	neutral
Guardians Of The Galaxy Vol. 2 - 2 More Days to Go! https://t.co/wpxzfye4j4 #guardiansothefgalaxy-vol-2 #adventure #movies #rocket	neutral
'Guardians of the Galaxy Vol. 2': What the Critics Are Saying https://t.co/bsB1iq7Zz7	neutral
RT @MarvelEntCA: Blast Off with Guardians of the Galaxy Vol. 2, in theatres in 10 days! https://t.co/inxB75wlnG	neutral
GUARDIANS OF THE GALAXY vol 2 is very blue and orange.	neutral
GUARDIANS OF THE GALAXY VOL. 2 Trailer 3 (2017) https://t.co/9wVuGsky0P via @YouTube	neutral
RT @CDremlyuga: "Guardians of the Galaxy Vol. 2" is the most emotional Marvel movie yet: https://t.co/qYDS05NiEd https://t.co/5Fa7DLeFJI	neutral
â€žWhat should we do next: Something good, something bad? Bit of both?â€œ Meine Kritik zu #GUARDIANSOFTHEGALAXY2â€¦ https://t.co/7emwWlO7Fi	positive
.@Guardians of the Galaxy Vol. 2â€™ Review: Second Album Is All Hooks, No Deep Cuts https://t.co/fBKy7Nr25a	neutral
.@Guardians of the Galaxy Vol. 2â€™ Review: Second Album Is All Hooks, No Deep Cuts https://t.co/fBKy7Nr25a	neutral
Hot Toys' 'Guardians of the Galaxy Vol. 2' Star-Lord Action Figure https://t.co/qo8Ap1iomT #stupidDOPE #Share https://t.co/OfLJHSgffP	neutral
Hot Toys' 'Guardians of the Galaxy Vol. 2' Star-Lord Action Figure https://t.co/AgMY2WJI57 #stupidDOPE #Share https://t.co/fcvS648weh	neutral
RT @WhenInManila: We're giving away tickets to our screening of Guardians of the Galaxy Vol. 2 tomorrow night!Just RT! #WIMxGotG2https:â€¦	neutral
Hot Toys' 'Guardians of the Galaxy Vol. 2' Star-Lord Action Figure https://t.co/XXUmwSkAwP #stupidDOPE #Share https://t.co/8DA3KaF3pa	neutral
RT @Hello_Tailor: Guardians of the Galaxy Vol 2 is a lot like being pelted with christmas lights for 2.5 hours.	neutral
RT @ComicBookNOW: ICYMI: Kevin Feige reveals Avengers: Infinity War takes place â€œyearsâ€ after Guardians of the Galaxy Vol. 2https://t.co/yâ€¦	neutral
RT @WhenInManila: We're giving away tickets to our screening of Guardians of the Galaxy Vol. 2 tomorrow night!Just RT! #WIMxGotG2https:â€¦	neutral
Loved Guardians of the Galaxy Vol. 2. It was amazing ðŸ˜ŠðŸ˜Š @prattprattpratt @zoesaldana @DaveBautista @JamesGunn	positive
Whoops. Zoe Saldana might have let slip the super secretive Avengers 4 title. https://t.co/WYh6WuWNS4	neutral
RT @EW: Discover @Guardians new villains, planets & dad in our Summer Movie Preview featuring the seasonâ€™s biggest films! https://t.co/QIdpâ€¦	neutral
RT @flickeringmyth: SPOILERS: And the post-credit scenes in Guardians of the Galaxy Vol. 2 are... https://t.co/fuf7hmOuFL https://t.co/tAKAâ€¦	neutral
RT @ComicBookNOW: James Gunn says GUARDIANS OF THE GALAXY could include an LGBT character - https://t.co/hQngeHX0pD https://t.co/VU2O3FxgXP	neutral
RT @filmgob: Guardians of the Galaxy Vol 2-hollow emotional core-no real purpose-pacing, story problems-exaggerates everythingðŸ… 92%#Gâ€¦	neutral
Guardians of the Galaxy Vol.2 was so damn good!	positive
Guardians of The Galaxy Vol. 2 has to be the best Marvel sequel there is. Your move, @TaikaWaititi.	positive
Guardians of the Galaxy Vol 2 was 1000/10	neutral
RT @The_Upcoming: #cinema We watched Guardians of the Galaxy Vol 2: Marvel action peppered with good gags https://t.co/JR18JtWRyJ @Guardianâ€¦	positive
I want to watch Guardians of the Galaxy vol.2 so very2 much	neutral
guardians of the galaxy vol. 2 here I come so fucking pumped for this	neutral
â€˜Guardians of the Galaxy Vol. 2â€™ Featurette: The Gangâ€™s All Here and Having a Good Time https://t.co/L67B8M3sAa	positive
RT @mid_day: #Hollywood can't get enough of @thebappilahiri. Read why  https://t.co/sX3dG7chPS#middaybollywood @soumyavajpayee https://t.â€¦	positive
RT @JayLee_Official: Guardians of the galaxy vol.2 premier ðŸŽ¥âœ¨ @ Eventim Apollo https://t.co/GdJtPmHzMb	neutral
Zoe Saldana accidentally lets slip Avengers 4's official title during Guardians of the Galaxy Vol 2 premiere https://t.co/aCidzySlRy	neutral
Zoe Saldana accidentally lets slip Avengers 4's official title during Guardians of the Galaxy Vol 2 premiere https://t.co/Sjz2TAsXvD	neutral
RT @ED92live: New Guardians of the Galaxy Vol. 2 banners have been installed in the Backlot 1/2 https://t.co/1mcBlzL0rb	neutral
â™§â˜… Guardians of the Galaxy Vol 2 Rocket Raccoon Sublimated Men's Crew Soc... So Cool https://t.co/FweN5IU7sq https://t.co/jXmHSjocM2	positive
RT @ED92live: New Guardians of the Galaxy Vol. 2 banners have been installed in the Backlot 2/2 https://t.co/y32CQX8SWO	neutral
Guardians of the Galaxy Vol. 2 soundtrackðŸ‘ŒðŸ¼. Only has me that much more pumped for next Friday! @prattprattpratt @Guardians @Marvel	neutral
RT @filmgob: Hector Navarro said what about Guardians of the Galaxy Vol 2 ? ðŸ˜‚#GotGVol2 #Marvel https://t.co/UU5WsN1xEI	neutral
RT @filmgob: Hector Navarro said what about Guardians of the Galaxy Vol 2 ? ðŸ˜‚#GotGVol2 #Marvel https://t.co/UU5WsN1xEI	neutral
RT @WESTERNLANDRPS: #WLRPSInfo Photoshoot of Chris Pratt & James Gunn for Guardians of The Galaxy vol 2 promoGUARDIANS OF THE GALAXY VOLâ€¦	neutral
RT @billboard: Don't miss Miley Cyrus voicing a robot in "Guardians of the Galaxy Vol. 2" https://t.co/DbXA7IacQT / via @SPIN https://t.co/â€¦	neutral
Seen Guardians of the Galaxy Vol 2 twice in the two days it's been out and it's still good ðŸ˜‚	positive
Guardians of the Galaxy Vol. 2, di JamesÂ Gunn https://t.co/08e3RqZSSM https://t.co/vWri86PkzM	neutral
RT @MarvelEntCA: Blast Off with Guardians of the Galaxy Vol. 2, in theatres in 10 days! https://t.co/inxB75wlnG	neutral
RT @ComicBookNOW: ICYMI: James Gunn says GUARDIANS OF THE GALAXY could include an LGBT character - https://t.co/hQngeIeBOd https://t.co/Nw9â€¦	neutral
RT @ErikDavis: GUARDIANS OF THE GALAXY VOL. 2 is exciting, funny, gorgeous & a helluva tearjerker. For many, it will become their new favorâ€¦	positive
I liked a @YouTube video https://t.co/qLXbRYo2u6 Guillermo in Guardians of the Galaxy Vol. 2	positive
'@Guardians of the Galaxy Vol. 2' early reviews are out - what the critics are saying (so far)â€¦ https://t.co/NkStay7YQT	neutral
RT @ohmxrvel: Ya necesito ver Guardians Of The Galaxy Vol. 2.	neutral
Zoe Saldana in Ulyana Sergeenko Couture at the 'Guardians of the Galaxy Vol 2' London Premiereâ€¦ https://t.co/heAQXVYOFi	neutral
Karen Gillan in Self-Portrait at the 'Guardians of the Galaxy Vol 2' London Premiere https://t.co/KJVZfAEKZy https://t.co/nfBW3rKI3x	neutral
RT @EW: #GuardiansOfTheGalaxy2 is a come down from the dizzying highs of the first installmentâ€”our review: https://t.co/8ATDbk7svd https://â€¦	neutral
I liked a @YouTube video https://t.co/avupDAZS1Z Guardians Of The Galaxy Vol. 2 - Movie Review	positive
Guardians of the Galaxy - Vol 2 - James Gunn is a hero of mine. A graduate of the Troma set, his early... https://t.co/NWUVkJjGMY	neutral
Guardians of the Galaxy Vol. 2: Director does awesome Baby Groot dance! - https://t.co/JZVvd4PWTC - #Entertainment https://t.co/BBMDocrHgl	positive
#JeffGoldblum was in Guardians of the Galaxy Vol 2. You just didn't notice. - Digital... https://t.co/uXohgekZ3s https://t.co/t8odps0B2J	positive
RT @flickeringmyth: SPOILERS: And the post-credit scenes in Guardians of the Galaxy Vol. 2 are... https://t.co/fuf7hmOuFL https://t.co/tAKAâ€¦	neutral
Which songs would make your perfect playlist? Check out what's in store for #GotGVol2's mix. Out soon in #DolbyAtmos https://t.co/bw0QT1B4ed	positive
Guardians of the Galaxy Vol. 2: Karen Gillanâ€™s mum didnâ€™t know it was her! - https://t.co/jPAEJv5vt4 -â€¦ https://t.co/zmfXb6g9LQ	neutral
RT @billboard: Don't miss Miley Cyrus voicing a robot in "Guardians of the Galaxy Vol. 2" https://t.co/DbXA7IacQT / via @SPIN https://t.co/â€¦	neutral
RT @JayLee_Official: Guardians of the galaxy vol.2 premier ðŸŽ¥âœ¨ @ Eventim Apollo https://t.co/GdJtPmHzMb	neutral
Celebrate the imminent release of Guardians of the Galaxy Vol 2 by stocking this super cute Dancy Groot Body... https://t.co/wiFbb6cmpK	positive
I liked a @YouTube video https://t.co/1MkDsSkw35 Guardians of the Galaxy Vol 2 Movie Review	positive
SOPHIE HERMANN at Guardians of the Galaxy Vol. 2 Premiere in LondonÂ 04/24/2017 https://t.co/r8OPIkJEOY https://t.co/RnZ4E95Czc	neutral
Guardians of the Galaxy Vol. 2 (USA)https://t.co/ZThVlGZinx https://t.co/HfBt7d9FFH	neutral
RT @washingtonpost: Review: "Guardians of the Galaxy Vol. 2" sets up Chris Prattâ€™s team to be just as big as the Avengers https://t.co/pReLâ€¦	neutral
RT @OldSkoolGeek420: Guardians of the Galaxy Vol. 2 Review https://t.co/V6tw3DkOSM https://t.co/4wNQGiUBxc	neutral
OLIVIA COX at Guardians of the Galaxy Vol. 2 Premiere in LondonÂ 04/24/2017 https://t.co/3e6xrDNoQy https://t.co/6j4h3jnVSW	neutral
https://t.co/hsQr2FfGG0: Guardians of the Galaxy Vol. 2: 5 things to know about Marvelâ€™s hugely anticipated sequel. https://t.co/B38V7n4KoD	neutral
RT @markadamsmirror: Looking good @karengillan - at Guardians of the Galaxy Vol 2 preview screening.@edfilmfest patron at her best both onâ€¦	positive
Guardians of the galaxy vol.2 premier ðŸŽ¥âœ¨ @ Eventim Apollo https://t.co/GdJtPmHzMb	neutral
RT @WhenInManila: We're giving away tickets to our screening of Guardians of the Galaxy Vol. 2 tomorrow night!Just RT! #WIMxGotG2https:â€¦	neutral
I added a video to a @YouTube playlist https://t.co/U54QwAez4s Guardians of the Galaxy Vol. 2 | On-set visit with Karen Gillan	neutral
#GuardiansOfTheGalaxy2 is still everything you'd want in a wild summer ride... https://t.co/ODipHc0TKX byâ€¦ https://t.co/M7UNij762I	neutral
Official Discussion: Guardians of the Galaxy Vol. 2 [SPOILERS] (International Thread) via /r/moviesPollIf you've seen the film, please â€¦	neutral
#cinema We watched Guardians of the Galaxy Vol 2: Marvel action peppered with good gags https://t.co/JR18JtWRyJâ€¦ https://t.co/IGQQByg9Ej	positive
RT @billboard: Don't miss Miley Cyrus voicing a robot in "Guardians of the Galaxy Vol. 2" https://t.co/DbXA7IacQT / via @SPIN https://t.co/â€¦	neutral
RT @washingtonpost: "Guardians of the Galaxy Vol. 2": Hereâ€™s what the first reviews are saying https://t.co/ShiLxyv8xW	neutral
RT @Variety: â€˜Guardians of the Galaxy Vol. 2,â€™ â€˜American Assassinâ€™ Top Social Media Buzz https://t.co/ThVDGM3TVV	positive
RT @digitalspy: EXCLUSIVE: Guardians of the Galaxy Vol. 2's Karen Gillan is so ready to give you a Nebula and Gamora spinoff.https://t.co/â€¦	positive
On Rappler X: Get ready for an out-of- this-world adventure. Behold The Guardians of the Galaxy! https://t.co/vGZqNHzua8	positive
New to pre-order @Guardians @hottoysofficial @StarLord @BabyGroothttps://t.co/f2WbiJikCa https://t.co/YS5EQNTN5Z	neutral
Tickets to see Guardians of the Galaxy Vol. 2? âœ”ï¸  https://t.co/9VjbOb3Pd7  #GotGVol2 https://t.co/8xl44LtGnH	neutral
Guardians of the Galaxy Vol. 2 later! ðŸŒŸ	neutral
I liked a @YouTube video https://t.co/4LViEMkFhe The Cast of Guardians of the Galaxy Vol. 2 Plays 'Guess the Guardian'	positive
RT @GSCinemas: Guardians of the Galaxy Vol. 2 will have FIVE POST CREDITS SCENES according to James Gunn!DON'T EVEN DARE THINK ABOUT LEAVâ€¦	positive
â€˜Guardians of the Galaxy Vol. 2â€™ Review Round-Up: An Absolute Blast But Not As Good as the First  https://t.co/vj0uP6XgVI	positive
Karen Gillan in Self-Portrait at the 'Guardians of the Galaxy Vol 2' London... https://t.co/PVfP6zymju on @bloglovin	neutral
Early reviews for 'Guardians of the Galaxy Vol. 2' seem to be quite mixed - might be a good thing. Better to take a risk than keep it safe!	positive
Cinderford Palace CinemaFILMS SHOWING Fri 28th April to Thur 27th AprilGUARDIANS OF THE GALAXY vol 2 (12a)Fri... https://t.co/qPyP0aQOII	neutral
RT @NukeTheFridge: #RT It's almost time! Win advance Screening Passes to â€˜Guardians of the Galaxy Vol. 2â€™ https://t.co/sz1ZN1jn7b	neutral
Guardians of the Galaxy vol.2 tomorrowWho's up?	neutral
Check out my spoiler-free REVIEW of #Marvel's #GuardiansOfTheGalaxy Vol. 2 https://t.co/tLAa0aJ5lN https://t.co/rTRLcVwdvK	neutral
RT @GeekFeedDotCom: REVIEW: Guardians of the Galaxy Vol. 2 Surpasses the Original. #GotGVol2 https://t.co/LP5fQS00jE	neutral
#Fanose #Movies #comics |https://t.co/0BB3kvAaFM ..soon. SPOILERS: And the post-credit scenes in Guardians of t... https://t.co/0ENuydwe8q	neutral
Guardians of the Galaxy Vol 2 was a good movie :)	positive
Sylvester Stallone Explains Why He Joined The MCU https://t.co/DJKrgBJBk6 via @ComicBook	neutral
Guardians of The Galaxy Vol.2 | Baby Groot - He's Just too Cute https://t.co/aXAMdfNpcx	positive
RT @The_MovieOracle: #GuardiansOfTheGalaxyVol2 #Review is now up! "an entertaining film, but itâ€™s not a cinematic masterpiece" https://t.coâ€¦	positive
RT @Variety: REVIEW: "Guardians of the Galaxy Vol. 2" https://t.co/4HAWT7fr3T https://t.co/Ld7WssUbIo	neutral
RT @WowfollowINC: Family Is the Focus of the Latest Guardians of the Galaxy Vol. 2 Featurette https://t.co/ppOCy8YDMV https://t.co/rJeqMKIHâ€¦	neutral
RT @nerdist: We wanna be a part of the #GotGVol2 family even more now, thanks to this new video: https://t.co/wMavBNGEQI https://t.co/Vu6K4â€¦	neutral
RT @MarvelNL: Kingsday wordt Guardiansday! #GotGVol2Guardians of the Galaxy Vol. 2 - 27 april in de bioscoop. Tickets: https://t.co/PxjO9â€¦	neutral
Advanced screening of Guardians of the Galaxy Vol. 2 in 70mm IMAX 3D later at 9 pm! ðŸ¤˜	neutral
RT @purehavuk: From GeekFeed! @NightRTs @DNR_CREW: Guardians of the Galaxy Vol. 2 Surpasses the Original https://t.co/KrFoAhv79a #geek #bloâ€¦	neutral
Naturally the day I saw Guardians of the Galaxy Vol. 2 is the same day I was reunited with my Walkman.ðŸ˜‰ðŸŽ§ https://t.co/pDlmlfAd4F	positive
RT @ohmxrvel: Ya necesito ver Guardians Of The Galaxy Vol. 2.	neutral
RT @slashfilm: 'Guardians of the Galaxy Vol. 2' Featurette: The Gang's All Here and Having a Good Time https://t.co/uTMLUl7KjH https://t.coâ€¦	positive
#GotGVol2 star @zoesaldana reveals the most challenging part of making the movie: https://t.co/gcUw1kVyqk https://t.co/EiWR1Jaahw	neutral
RT @billboard: Don't miss Miley Cyrus voicing a robot in "Guardians of the Galaxy Vol. 2" https://t.co/DbXA7IacQT / via @SPIN https://t.co/â€¦	neutral
RT @MarvelNewz: Guardians of the Galaxy Vol. 2 featurette. #GotGVol2 https://t.co/xoPxSlb6bQ	neutral
'Guardians of the Galaxy Vol. 2,' 'American Assassin' Top Social Media Buzz https://t.co/I2DsQ2BdiJ	positive
Pom Klementieff in Giambattista Valli Haute Couture @ the 'Guardians of the Galaxy Vol. 2' London Premiere https://t.co/fItpA7WtXi	neutral
RT @billboard: Don't miss Miley Cyrus voicing a robot in "Guardians of the Galaxy Vol. 2" https://t.co/DbXA7IacQT / via @SPIN https://t.co/â€¦	neutral
Guardians Of The Galaxy Vol. 2: Exclusive European Gala Report (Yahoo!) https://t.co/TBKUVZ5pcD https://t.co/G5pk2afKX4	neutral
"Guardians of the Galaxy Vol. 2: Patchworkfamilie auf Chaostour durchs All" https://t.co/R2G7hA2nVU #kultur	neutral
This weekâ€™s new listings Our new opener this Friday, the eagerly anticipated Guardians of the Galaxy vol.2! https://t.co/FFcayCxXTc	neutral
Guardians of the Galaxy, Vol 2 tonight! Yeah boiiiiiiiii!  #excite	positive
- PUBLIC SERVICE ANNOUNCEMENT - There is like 5 post credits scenes for Guardians of the Galaxy Vol. 2.So do... https://t.co/LOwATl79sw	neutral
RT @filmgob: Hector Navarro said what about Guardians of the Galaxy Vol 2 ? ðŸ˜‚#GotGVol2 #Marvel https://t.co/UU5WsN1xEI	neutral
RT @vuecinemas: We've got 9 awesome reasons why you need to watch #GotGVol2 ASAP (& they're not all 'I amGroot') #InsideVuehttps://t.co/gJâ€¦	positive
Guardians of The Galaxy Vol.2 | Baby Groot - He's Just too Cute https://t.co/p94buB9tyg	positive
I just realised, Guardians of the Galaxy vol. 2 is coming out tomorrow.	neutral
RT @RobertGuyDavis: GUARDIANS OF THE GALAXY VOL. 2: If Cameron Crowe made a space opera. Take that as you will.	neutral
Guardians of the Galaxy Vol. 2 will make you cry. Over and over again. Yondu steals the entire film ðŸ‘Œ	positive
I liked a @YouTube video https://t.co/NTfzJokY6m Review - Why GUARDIANS OF THE GALAXY VOL 2 Is A Great Sequel	positive
Off to see Guardians of the Galaxy Vol 2. tonight. #soexcited #goldclass #irishwedges	neutral
RT @mbna: We're at the @MarvelUK Guardians of the Galaxy Vol. 2 red carpet event in London right now. Take a sneak peek of the live action!â€¦	positive
2 days to go... Guardians Of The Galaxy Vol 2 ðŸ˜ðŸ˜ðŸ˜	positive
Guardians of The Galaxy Vol.2 will be the best movie I see this year and that's ok	positive
Mini Unit #17 â€“ Guardians of the Galaxy Vol. 2 (Spoilerfrei) https://t.co/uy0vQXtWZE	neutral
â€˜Guardians Of The Galaxy Vol. 2â€™ Review: Chris Pratt Leads Best Marvel Cast Ever To Save The Universe https://t.co/cLJVcPTGF5	positive
I liked a @YouTube video https://t.co/PLWB8x42lO Guardians of the Galaxy Vol. 2 "Meet The Ravagers" Featurette [HD]	positive
Outlast 2 and Guardians of the Galaxy Vol. 2 out in one day + last day of freedom ugh.	neutral
â€˜Guardians of the Galaxy Vol. 2,â€™ â€˜American Assassinâ€™ Top Social Media Buzzhttps://t.co/u80b1YNiW3	positive
RT @filmgob: Hector Navarro said what about Guardians of the Galaxy Vol 2 ? ðŸ˜‚#GotGVol2 #Marvel https://t.co/UU5WsN1xEI	neutral
I liked a @YouTube video https://t.co/T1ko6x9JrX GUARDIANS OF THE GALAXY VOL. 2 ALL Trailer & Clips (2017)	positive
Guardians of the Galaxy Vol. 2 Review #GotGVol2 https://t.co/USPR6ocqQr https://t.co/CtI8XcJYN8	neutral
#GoTGVol2 is bound to be a galactus-sized hit, even if it fails to reach the soaring heights of Vol. 1 @MarvelAUNZ https://t.co/Kk04L0pBl3	neutral
RT @MarvelEntCA: Blast Off with Guardians of the Galaxy Vol. 2, in theatres in 10 days! https://t.co/inxB75wlnG	neutral
I liked a @YouTube video https://t.co/aUiVf5jLYq RT Recap: GUARDIANS OF THE GALAXY VOL. 2	positive
Guardians of the Galaxy Vol. 2: Patchworkfamilie auf Chaostour durchs All https://t.co/Ey2lfw9F6d	neutral
RT @LEGO_Group: Check out this awesome #LEGOGroot build ! Whoâ€™s getting fired up for the new @MarvelUK Guardians of the Galaxy vol 2? httpsâ€¦	positive
Just watched Guardians of the Galaxy .Vol 2. It was amazing â¤ï¸â¤ï¸ @prattprattpratt @MarvelStudios @JamesGunn @zoesaldana @vindiesel @Marvel	positive
SPOILERS: And the post-credit scenes in Guardians of the Galaxy Vol. 2 areâ€¦ https://t.co/SKHsCXXRgc https://t.co/0RBxNv69kc	neutral
Film Review: â€˜Guardians of the Galaxy Vol. 2â€™https://t.co/5FElPls3rt	neutral
RT @TIME: 'Guardians of the Galaxy Vol. 2' review: A retro retread https://t.co/o2tpe40NZx	neutral
Guardians of the Galaxy vol 2 review: fun and good.	positive
RT @WMMOWWebsite: "You'll leave with the biggest smile on your face." Read our review of Guardians of the Galaxy Vol.2 #GOTGVol2! httpsâ€¦	neutral
â€˜Guardians of the Galaxy Vol 2â€™ Review Roundup: Critics Agree It Doesnâ€™t Outdo Originalhttps://t.co/jjDoCKvkAB	neutral
RT @TheTorontoSun: From @markhdaniell: 'Guardians of the Galaxy Vol. 2' review: Marvel's cosmic heroes hit all the right notes again https:â€¦	neutral
RT @MarvelNL: Kingsday wordt Guardiansday! #GotGVol2Guardians of the Galaxy Vol. 2 - 27 april in de bioscoop. Tickets: https://t.co/PxjO9â€¦	neutral
RT @cultfilmfaceoff: Following last night's UK premiere, a very brief review of Guardians of the Galaxy Vol. 2 https://t.co/se2OfSYDib	neutral
Watch #GUARDIANSOFTHEGALAXY2 full HD #movie free online. Click the link https://t.co/wjabaT7MTB https://t.co/la05ZDrBJC	neutral
RT @HeyUGuys: We absolutely loved Guardians of the Galaxy Vol. 2 - here's our review of the latest triumph to come out of the MCU https://tâ€¦	positive
RT @GeekFeedDotCom: REVIEW: Guardians of the Galaxy Vol. 2 Surpasses the Original. #GotGVol2 https://t.co/LP5fQS00jE	neutral
RT @cultfilmfaceoff: Following last night's UK premiere, a very brief review of Guardians of the Galaxy Vol. 2 https://t.co/se2OfSYDib	neutral
RT @ComicBook: What are the critics saying about #GotGVol2 ? Here are some of the biggest reviews, all in one place:https://t.co/DHzNvioWtâ€¦	neutral
Hi, I just bought GUARDIANS OF THE GALAXY VOL.2 through GO-TIX powered by GO-JEK App. Get Your nowâ€¦ https://t.co/0llB8nWak9	neutral
RT @iamarjun02: I cannot wait to attend the premiere of Guardians Of The Galaxy Vol. 2 at @NovoCinemas IMAX! â¤ï¸ðŸ˜Ž#GOTG2atNovo #NovoLeague	positive
Guardians of the Galaxy Vol. 2: Awesome Mix, Vol. 2 (Original Motion Picture Soundtrack) by Various Artists Love it https://t.co/xDgD6o0Un8	positive
Five Awesome Things About Guardians of the Galaxy Vol. 2 Lego! https://t.co/6T3hUDSe2w https://t.co/kpRE5ks7Wm	positive
Five Awesome Things About Guardians of the Galaxy Vol. 2 Lego! https://t.co/AowR67V8VE https://t.co/TSpSogPVsv	positive
RT @trailertrack: IN THE PIPELINE: 5-Minute #PiratesOfTheCaribbean 5 Preview In Cinemas w/ #GOTGVol2 https://t.co/bBH41ZCB0S https://t.co/0â€¦	neutral
RT @ComicBook: ICYMI: Avengers: Infinity War takes place 4 years after Guardians of the Galaxy Vol. 2https://t.co/bezmuiGSOK https://t.co/â€¦	neutral
RT @sunmami_: I need a date to go watch Guardians of the Galaxy Vol.2 with	neutral
RT @Variety: â€˜Guardians of the Galaxy Vol. 2,â€™ â€˜American Assassinâ€™ Top Social Media Buzz https://t.co/ThVDGM3TVV	positive
RT @filmgob: Hector Navarro said what about Guardians of the Galaxy Vol 2 ? ðŸ˜‚#GotGVol2 #Marvel https://t.co/UU5WsN1xEI	neutral
RT @iamarjun02: I cannot wait to attend the premiere of Guardians Of The Galaxy Vol. 2 at @NovoCinemas IMAX! â¤ï¸ðŸ˜Ž#GOTG2atNovo #NovoLeague	positive
First wave of #GotGVol2 reviews is surprisingly mixed - https://t.co/69sm02zU8t https://t.co/83jEYLBCSg	neutral
Guardians of the Galaxy Vol 2 review â€“ funny sequel suffers from pinballing pointlessness https://t.co/G8ca3UNSwd	neutral
RT @cultfilmfaceoff: Following last night's UK premiere, a very brief review of Guardians of the Galaxy Vol. 2 https://t.co/se2OfSYDib	neutral
"Guardians of the Galaxy Vol. 2" press conference PART 1 - Chris Pratt talks his favorite shirtless scene and more https://t.co/q8ESnTZWzB	positive
RT @_VinchelleNews_: PHOTOS | new Vin Diesel attend the premiere of Disney and Marvel's 'Guardians Of The Galaxy Vol 2' at the Dolby Theatrâ€¦	neutral
RT @iamarjun02: I cannot wait to attend the premiere of Guardians Of The Galaxy Vol. 2 at @NovoCinemas IMAX! â¤ï¸ðŸ˜Ž#GOTG2atNovo #NovoLeague	positive
RT @iamarjun02: I cannot wait to attend the premiere of Guardians Of The Galaxy Vol. 2 at @NovoCinemas IMAX! â¤ï¸ðŸ˜Ž#GOTG2atNovo #NovoLeague	positive
I added a video to a @YouTube playlist https://t.co/yanMpuRfTR Guardians of the Galaxy Vol. 2 - European Launch Event in London	neutral
Following last night's UK premiere, a very brief review of Guardians of the Galaxy Vol. 2 https://t.co/se2OfSYDib	neutral
PHOTOS | new Vin Diesel attend the premiere of Disney and Marvel's 'Guardians Of The Galaxy Vol 2' at the Dolby Theâ€¦ https://t.co/uOmNI6U0ZF	neutral
RT @Angryadamxbox: I'm getting ready to see Guardians of the Galaxy Vol 2	positive
RT @ohmxrvel: Ya necesito ver Guardians Of The Galaxy Vol. 2.	neutral
Excited for tonight's premiere of Guardians of the Galaxy Vol 2 @NovoCinemasUAE IMAX.â€¦ https://t.co/HEzZeYU9Fw	positive
RT @Variety: â€˜Guardians of the Galaxy Vol. 2,â€™ â€˜American Assassinâ€™ Top Social Media Buzz https://t.co/ThVDGM3TVV	positive
*Best Billy McMahon vooce* I can strongly recommend investment in Guardians of the Galaxy Vol. 2*	positive
RT @iamarjun02: I cannot wait to attend the premiere of Guardians Of The Galaxy Vol. 2 at @NovoCinemas IMAX! â¤ï¸ðŸ˜Ž#GOTG2atNovo #NovoLeague	positive
You working next Friday ?? Cause I was thinking that we should go see Guardians of The Galaxy vol. 2  at AMC https://t.co/2sHPdeyRmr	neutral
Guardians of the Galaxy Vol 2 Movie Review @GraceRandolph  https://t.co/Nu5RyidhRF	neutral
RT @iamarjun02: I cannot wait to attend the premiere of Guardians Of The Galaxy Vol. 2 at @NovoCinemas IMAX! â¤ï¸ðŸ˜Ž#GOTG2atNovo #NovoLeague	positive
RT @AlingMedia: .@MarvelUK @ShowFilmFirst My thoughts on #GotGVol2 https://t.co/J0b6O5ZeF6	neutral
So it's Guardians of the Galaxy Vol. 2 on Thursday and this in fall:https://t.co/krTLfmQhjw	neutral
3 more days until Guardians of the Galaxy Vol. 2!Tickets already booked, travel covered, food already hidden and starting to go bad.	negative
RT @GeekFeedDotCom: REVIEW: Guardians of the Galaxy Vol. 2 Surpasses the Original. #GotGVol2 https://t.co/LP5fQS00jE	neutral
RT @thncom: Five Awesome Things About Guardians of the Galaxy Vol. 2 Lego!   https://t.co/vHgzKZRf0d https://t.co/NzA45jA0Ei	positive
.@MarvelUK @ShowFilmFirst My thoughts on #GotGVol2 https://t.co/J0b6O5ZeF6	neutral
RT @billboard: Don't miss Miley Cyrus voicing a robot in "Guardians of the Galaxy Vol. 2" https://t.co/DbXA7IacQT / via @SPIN https://t.co/â€¦	neutral
I saw Guardians of the Galaxy Vol. 2 last night. Ask me your non-spoiler questions. (I'll talk general plot directiâ€¦ https://t.co/oMUS5RH9qd	neutral
RT @thncom: Five Awesome Things About Guardians of the Galaxy Vol. 2 Lego!   https://t.co/vHgzKZRf0d https://t.co/NzA45jA0Ei	positive
RT @flickeringmyth: SPOILERS: And the post-credit scenes in Guardians of the Galaxy Vol. 2 are... https://t.co/fuf7hmOuFL https://t.co/tAKAâ€¦	neutral
Looking good @karengillan - at Guardians of the Galaxy Vol 2 preview screening.@edfilmfest patron at her best bothâ€¦ https://t.co/P2ATQ1aVYF	positive
RT @thncom: Five Awesome Things About Guardians of the Galaxy Vol. 2 Lego!   https://t.co/vHgzKZRf0d https://t.co/NzA45jA0Ei	positive
RT @billboard: Don't miss Miley Cyrus voicing a robot in "Guardians of the Galaxy Vol. 2" https://t.co/DbXA7IacQT / via @SPIN https://t.co/â€¦	neutral
Five Awesome Things About Guardians of the Galaxy Vol. 2 Lego!   https://t.co/vHgzKZRf0d https://t.co/NzA45jA0Ei	positive
RT @havingfunsaving: In Marvel Studiosâ€™ â€œGuardians of the Galaxy Vol. 2,â€ is in theaters in less than 2 weeks! @Guardians #GotGVol2 Who elsâ€¦	neutral
RT @GeekFeedDotCom: REVIEW: Guardians of the Galaxy Vol. 2 Surpasses the Original. #GotGVol2 https://t.co/LP5fQS00jE	neutral
RT @Variety: â€˜Guardians of the Galaxy Vol. 2,â€™ â€˜American Assassinâ€™ Top Social Media Buzz https://t.co/ThVDGM3TVV	positive
Guardians of the Galaxy vol 2 is so amazing, super entertaining and ridiculously funny! Well done @prattprattpratt What an awesome movie!	positive
RT @kumailn: Guardians of the Galaxy Vol. 2 is stunning in every sense. Hilarious & thrilling but also very moving. @JamesGunn is a warriorâ€¦	positive
RT @ohmxrvel: Ya necesito ver Guardians Of The Galaxy Vol. 2.	neutral
RT @ohmxrvel: Ya necesito ver Guardians Of The Galaxy Vol. 2.	neutral
Guardians of The Galaxy Vol, 2: Chris Pratt tells how fatherhood has shaped his career #Londonâ€¦ https://t.co/wUrvUzKabp	neutral
Enter to win passes to Marvel Studiosâ€™ â€œGuardians of the Galaxy Vol. 2â€ IMAX 3D Advance Screening from @1027KIISFM! https://t.co/CnIvmdNUew	neutral
Guardians of the Galaxy Vol 2! (at @EventCinemasNz in Auckland) https://t.co/3rGC9wDSDO	neutral
RT @Variety: REVIEW: "Guardians of the Galaxy Vol. 2" https://t.co/4HAWT6XPFj https://t.co/JlpSIKxbKk	neutral
RT @starlordspeter: guardians of the galaxy vol 2 has a 92% score on rt at the moment! the guardians did it! james gunn did it! https://t.câ€¦	neutral
RT @GeekFeedDotCom: REVIEW: Guardians of the Galaxy Vol. 2 Surpasses the Original. #GotGVol2 https://t.co/LP5fQS00jE	neutral
RT @ohmxrvel: Ya necesito ver Guardians Of The Galaxy Vol. 2.	neutral
RT @WMMOWWebsite: "You'll leave with the biggest smile on your face." Read our review of Guardians of the Galaxy Vol.2 #GOTGVol2! httpsâ€¦	neutral
Guardians of the Galaxy Vol. 2 review: sophomore slump - The Vergehttps://t.co/mnCfRIfmb9	neutral
I'm genuinely excited to see Guardians of the Galaxy: Vol 2 on Friday. Looking forward to some technicolour laughs	positive
SPOILERS: And the post-credit scenes in Guardians of the Galaxy Vol. 2 are... https://t.co/fuf7hmOuFL https://t.co/tAKAaKvWeQ	neutral
I'm genuinely excited to see Guardians of the Galaxy: Vol 2 on Friday. Looking forward to some technicolour laughs	positive
Official Discussion: Guardians of the Galaxy Vol. 2 [SPOILERS] (International Thread) https://t.co/WBWJ1aCWGE https://t.co/Oq9hfLt24j	neutral
RT @iamarjun02: I cannot wait to attend the premiere of Guardians Of The Galaxy Vol. 2 at @NovoCinemas IMAX! â¤ï¸ðŸ˜Ž#GOTG2atNovo #NovoLeague	positive
RT @washingtonpost: "Guardians of the Galaxy Vol. 2": Hereâ€™s what the first reviews are saying https://t.co/ShiLxyv8xW	neutral
RT @WMMOWWebsite: "You'll leave with the biggest smile on your face." Read our review of Guardians of the Galaxy Vol.2 #GOTGVol2! httpsâ€¦	neutral
RT @WMMOWWebsite: "You'll leave with the biggest smile on your face." Read our review of Guardians of the Galaxy Vol.2 #GOTGVol2! httpsâ€¦	neutral
RT @WMMOWWebsite: "You'll leave with the biggest smile on your face." Read our review of Guardians of the Galaxy Vol.2 #GOTGVol2! httpsâ€¦	neutral
RT @WMMOWWebsite: "You'll leave with the biggest smile on your face." Read our review of Guardians of the Galaxy Vol.2 #GOTGVol2! httpsâ€¦	neutral
RT @WMMOWWebsite: "You'll leave with the biggest smile on your face." Read our review of Guardians of the Galaxy Vol.2 #GOTGVol2! httpsâ€¦	neutral
RT @WMMOWWebsite: "You'll leave with the biggest smile on your face." Read our review of Guardians of the Galaxy Vol.2 #GOTGVol2! httpsâ€¦	neutral
RT @WMMOWWebsite: "You'll leave with the biggest smile on your face." Read our review of Guardians of the Galaxy Vol.2 #GOTGVol2! httpsâ€¦	neutral
RT @WMMOWWebsite: "You'll leave with the biggest smile on your face." Read our review of Guardians of the Galaxy Vol.2 #GOTGVol2! httpsâ€¦	neutral
RT @WMMOWWebsite: "You'll leave with the biggest smile on your face." Read our review of Guardians of the Galaxy Vol.2 #GOTGVol2! httpsâ€¦	neutral
The Week in Geek: Guardians of the Galaxy Vol 2, Star Wars, Batgirl, and More https://t.co/ebkm26sgYk https://t.co/bOnNx5yU8B	neutral
RT @GeekFeedDotCom: REVIEW: Guardians of the Galaxy Vol. 2 Surpasses the Original. #GotGVol2 https://t.co/LP5fQS00jE	neutral
James Gunn Says Guardians Of The Galaxy Could Feature LGBT Character https://t.co/1ocgAbtUPa via @ComicBook	neutral
RT @popcornUK: Guardians Of The Galaxy Vol. 2: Social Teaser - European Gala Report (Yahoo!) https://t.co/3byRi0eJBk https://t.co/a7CWwheLYO	neutral
The Return of the A-Holes: Kritik zum Marvel-Blockbuster "Guardians of the Galaxy Vol. 2" https://t.co/pty45RQmoIâ€¦ https://t.co/K3A9yXEN75	neutral
'Guardians of the Galaxy Vol. 2' review: Marvel's cosmic heroes hit all the right notes again [Photos]Â [Video] https://t.co/5ggX59rpoh	neutral
â€˜Guardians of the Galaxy Vol. 2â€™ Featurette: The Gangâ€™s All Here and Having a Good Time https://t.co/4ODg5Cvff5 https://t.co/iN1aF1fbd4	positive
Guardians of the Galaxy Vol. 2 BTS Featurette Debuts https://t.co/YVUN39PhJ6	neutral
RT @iamarjun02: I cannot wait to attend the premiere of Guardians Of The Galaxy Vol. 2 at @NovoCinemas IMAX! â¤ï¸ðŸ˜Ž#GOTG2atNovo #NovoLeague	positive
Official Discussion: Guardians of the Galaxy Vol. 2 [SPOILERS] (International Thread) via /r/moviesâ€¦ https://t.co/BY0N75RuTd	neutral
I'm seeing Guardians of the Galaxy Vol.2 tonight and I'm so excited. Like I deserve this night out	positive
RT @WMMOWWebsite: "You'll leave with the biggest smile on your face." Read our review of Guardians of the Galaxy Vol.2 #GOTGVol2! httpsâ€¦	neutral
RT @WMMOWWebsite: "You'll leave with the biggest smile on your face." Read our review of Guardians of the Galaxy Vol.2 #GOTGVol2! httpsâ€¦	neutral
RT @WMMOWWebsite: "You'll leave with the biggest smile on your face." Read our review of Guardians of the Galaxy Vol.2 #GOTGVol2! httpsâ€¦	neutral
RT @ComicBook: ICYMI: GUARDIANS OF THE GALAXYâ€™s James Gunn says team could include an LGBT character - https://t.co/iIKVNIeeWX https://t.coâ€¦	neutral
"Hysterical""Perfect""Authentic""Fun"So much great buzz for @JamesGunn's "Guardians of the Galaxy Vol.2" â€” hits the Seattle area May 4.	positive
Yoooooo. Guardians of the Galaxy Vol. 2 advanced screening later!!!	neutral
RT @WhenInManila: We're giving away tickets to our screening of Guardians of the Galaxy Vol. 2 tomorrow night!Just RT! #WIMxGotG2https:â€¦	neutral
a logic & paramore album plus guardians of the galaxy vol. 2 all within one week of each other. how blessed	neutral
Guardians Of The Galaxy Vol. 2: Social Teaser - European Gala Report (Yahoo!) https://t.co/3byRi0eJBk https://t.co/a7CWwheLYO	neutral
RT @D1DLCKev: If you're contemplating seeing Guardians of the Galaxy Vol 2, refer to attached gif. (hard "G", you jif heathens)#GotGVol2 #â€¦	neutral
"You'll leave with the biggest smile on your face." Read our review of Guardians of the Galaxy Vol.2 #GOTGVol2!â€¦ https://t.co/DZuY02LHUd	neutral
RT @GeekFeedDotCom: REVIEW: Guardians of the Galaxy Vol. 2 Surpasses the Original. #GotGVol2 https://t.co/LP5fQS00jE	neutral
RT @denofgeek: Here's our spoiler-free review of Guardians Of The Galaxy Vol. 2. https://t.co/6s9Yd1xGUv https://t.co/WPJZZiCXsu	neutral
RT @AIComicPod: Guardians of the Galaxy Vol.2 PreviewWith @RoryGreenfield @SmallHandStu @433ChrisListen https://t.co/qYKFoIZyZJ https:/â€¦	neutral
Zoe Saldana In Ulyana Sergeenko Couture â€“ â€˜Guardians of the Galaxy Vol. 2â€™ London Premiere https://t.co/VQdmN7IqFs	neutral
MARVEL COLLECTOR CORPS GUARDIANS OF THE GALAXY VOL 2 [APRIL]: https://t.co/V3hxyRTMJR via @YouTube	neutral
RT @GeekFeedDotCom: REVIEW: Guardians of the Galaxy Vol. 2 Surpasses the Original. #GotGVol2 https://t.co/LP5fQS00jE	neutral
RT @cultjer: Watch: The Cast Talk About the Old and New Characters in 'Guardians of the Galaxy Vol. 2' https://t.co/EVQiW3RC1R https://t.coâ€¦	neutral
RT @ohmxrvel: Ya necesito ver Guardians Of The Galaxy Vol. 2.	neutral
RT @ohmxrvel: Ya necesito ver Guardians Of The Galaxy Vol. 2.	neutral
#WLRPSInfo Photoshoot of Chris Pratt & James Gunn for Guardians of The Galaxy vol 2 promoGUARDIANS OF THE GALAXYâ€¦ https://t.co/tzoFwfHYy6	neutral
Is "Guardians of the Galaxy Vol. 2" another awesome mix of comedy and action? FanBoy gives his review:â€¦ https://t.co/ScnFVSOOWo	positive
RT @AIComicPod: Guardians of the Galaxy Vol.2 PreviewWith @RoryGreenfield @SmallHandStu @433ChrisListen https://t.co/qYKFoIZyZJ https:/â€¦	neutral
@target has gone full on @guardians.of.the.galaxy.vol.2 https://t.co/PBtbQ48EVz	neutral
RT @ohmxrvel: Ya necesito ver Guardians Of The Galaxy Vol. 2.	neutral
RT @scenestr: Review: 'If you donâ€™t love @Guardians Vol. 2 you might actually be dead inside.' â˜…â˜…â˜…â˜…â˜… @Marvel #gotg2 #Marvel - https://t.co/â€¦	positive
RT @FOXCinemas: **Spoiler Warning** What the five post-credits scenes from #GotGVol2 mean for the MCUhttps://t.co/xw3opq5wDb https://t.co/â€¦	neutral
RT @jonbrowntv: Let's do this! @MarvelUK @Guardians Of The Galaxy Vol. 2 European Premiere at @eventim_uk London @ExpressFM #GotGVol2 httpsâ€¦	neutral
RT @ComicBook: ICYMI: Avengers: Infinity War takes place 4 years after Guardians of the Galaxy Vol. 2https://t.co/bezmuiGSOK https://t.co/â€¦	neutral
RT @HeyUGuys: #GUARDIANSOFTHEGALAXY2 premiere interviews: The legendary #KurtRussell @JamesGunn @RookerOnline @PomKlementieff https://tâ€¦	positive
RT @DeanDobbs: Guardians Of The Galaxy: Vol 2 was a lot of fun. It's not as good as the original, but only by a little bit. There's a lotâ€¦	positive
RT @WhenInManila: We're giving away tickets to our screening of Guardians of the Galaxy Vol. 2 tomorrow night!Just RT! #WIMxGotG2https:â€¦	neutral
RT @Variety: â€˜Guardians of the Galaxy Vol. 2,â€™ â€˜American Assassinâ€™ Top Social Media Buzz https://t.co/ThVDGM3TVV	positive
Watch @PomKlementieff, star of @Guardians of the Galaxy Vol. 2 talk to us live today @ 10am @BUILDseriesLDNâ€¦ https://t.co/CtUaKB6DoA	neutral
Buzzin for Guardians of the Galaxy vol. 2!!!	neutral
I just liked the 2017 April Marvel Collectors Corp Box Unboxing - [Guardians of the Galaxy Vol. 2] video on YouTubâ€¦ https://t.co/76I9Wm6AuW	positive
ðŸ˜‚ Why Guardians of the Galaxy Vol. 2 sucks... https://t.co/txjGilvk70 via @wordpressdotcom #GUARDIANSOFTHEGALAXY2 #GotGVol2 #newmovies	negative
RT @DeanDobbs: Guardians Of The Galaxy: Vol 2 was a lot of fun. It's not as good as the original, but only by a little bit. There's a lotâ€¦	positive
Family Is the Focus of the Latest Guardians of the Galaxy Vol. 2Â Featurette https://t.co/uosu8Vgvqt https://t.co/EcOHSkS1V6	neutral
RT @iamarjun02: I cannot wait to attend the premiere of Guardians Of The Galaxy Vol. 2 at @NovoCinemas IMAX! â¤ï¸ðŸ˜Ž#GOTG2atNovo #NovoLeague	positive
RT @ZehraPhelan: Guardians of the Galaxy Vol 2 London Premiere with Chris Pratt and cast: https://t.co/5EHQsYgsq0 via @YouTube	neutral
A take on the guardian of the galaxies volume the 2nd, a marvel film that made me pray for death less than any other https://t.co/88paejugac	neutral
Guardians Of The Galaxy Vol. 2: Awesome Mix Vol. 2 -  https://t.co/WldjIbq2Fp https://t.co/xxqbMri49O	positive
RT @billboard: Don't miss Miley Cyrus voicing a robot in "Guardians of the Galaxy Vol. 2" https://t.co/DbXA7IacQT / via @SPIN https://t.co/â€¦	neutral
Review: Guardians of the Galaxy Vol. 2 https://t.co/nsR78rddOz https://t.co/6XSylML7e1	neutral
â€˜Guardians of the Galaxy Vol. 2â€™ Reviews: What the Critics Are Saying https://t.co/hiyrXzDNnk via @variety	neutral
RT @ohmxrvel: Ya necesito ver Guardians Of The Galaxy Vol. 2.	neutral
Guardians of the Galaxy Vol 2 was pretty good. Like, don't know if it was better or worse than the first one, so I'll just say as good as.	negative
**Spoiler Warning** What the five post-credits scenes from #GotGVol2 mean for the MCUhttps://t.co/xw3opq5wDb https://t.co/gAWsKSixnO	neutral
RT @ComicBook: ICYMI: Avengers: Infinity War takes place 4 years after Guardians of the Galaxy Vol. 2https://t.co/bezmuiGSOK https://t.co/â€¦	neutral
Wham Bam - Silver [Guardians of the Galaxy: Vol. 2] Official Soundtrack https://t.co/VFmOnE4Tis	neutral
RT @DeanDobbs: Guardians Of The Galaxy: Vol 2 was a lot of fun. It's not as good as the original, but only by a little bit. There's a lotâ€¦	positive
I liked a @YouTube video https://t.co/uKXR7v9NYG Guardians of the Galaxy Vol. 2 Review	positive
My review of Guardians of the Galaxy Vol.2 - probably Marvel's craziest and best looking film to date https://t.co/73ZRT6AmUB	positive
RT @The_MovieOracle: #GuardiansOfTheGalaxyVol2 #Review is now up! "an entertaining film, but itâ€™s not a cinematic masterpiece" https://t.coâ€¦	positive
About to see Guardians of the Galaxy Vol 2 ðŸŽ¥ IMAX 3D @ IMAX Melbourne https://t.co/Oc2x92iA5X	neutral
Guardians of the Galaxy Vol. 2 was really colourful and constantly funny but there was so much happening sometimes that it got exhausting	neutral
Guardians of the Galaxy Vol. 2: Awesome Mix, Vol. 2 (Original Motion Picture Soundtrack) - Various Artistsâ€¦ https://t.co/SRvREZZjeC	positive
**Spoiler Warning** What the five post-credits scenes from #GotGVol2 mean for the MCUhttps://t.co/tfFAA1hYJK https://t.co/vAfInAhoqy	neutral
RT @nerdist: We wanna be a part of the #GotGVol2 family even more now, thanks to this new video: https://t.co/wMavBNGEQI https://t.co/Vu6K4â€¦	neutral
RT @ComicBook: What are the critics saying about #GotGVol2 ? Here are some of the biggest reviews, all in one place:https://t.co/DHzNvioWtâ€¦	neutral
tsaka guardians of the galaxy vol. 2 juskoh po, 2017 is the year of great films!!!	positive
RT @CineplexMovies: #Deadpool2, #GotGVol2 and #SpiderManHomecoming headline our daily roundup! Catch up here: https://t.co/GdgykmSzDt httpsâ€¦	neutral
RT @EW: #GotGVol2 proves it's possible to be disappointed by a film and still have a good time watching it. Our review: https://t.co/wycgnCâ€¦	negative
I liked a @YouTube video https://t.co/HYQ47QCnGd Guardians Of The Galaxy Vol. 2 - Movie Review	positive
April Marvel Collector Corps Guardians of the Galaxy Vol. 2 UNBOXING: https://t.co/1NOHJe3Jvx via @YouTube	neutral
â€˜Guardians of the Galaxy Vol. 2â€™ Video Review: Perri, John, and Dennis Break Down the Sequel https://t.co/SGJ2WGSmrE https://t.co/eFjWXbaDsk	neutral
Karen Gillan In Self-Portrait â€“ â€˜Guardians of the Galaxy Vol. 2â€™ London Premiere https://t.co/7WjfnxvEH6	neutral
RT @ComicBook: Guardians of the Galaxy Vol. 2 is in theaters May 5th! Is it worth seeing?! Check out this review! #GotGVol2https://t.co/Bâ€¦	positive
I liked a @YouTube video https://t.co/CBalGe9xU3 Review - Why GUARDIANS OF THE GALAXY VOL 2 Is A Great Sequel	positive
RT @ZehraPhelan: Guardians of the Galaxy Vol 2 London Premiere with Chris Pratt and cast: https://t.co/5EHQsYgsq0 via @YouTube	neutral
**Spoiler Warning** What the five post-credits scenes from #GotGVol2 mean for the MCUhttps://t.co/azNTJlZZG8 https://t.co/v3VNWB01V0	neutral
Everything about Guardians of the Galaxy Vol 2 is so vibrant and colourful. The team is awesome and funny and the universe looks amazing too	positive
RT @Variety: â€˜Guardians of the Galaxy Vol. 2,â€™ â€˜American Assassinâ€™ Top Social Media Buzz https://t.co/ThVDGM3TVV	positive
RT @AIComicPod: Guardians of the Galaxy Vol.2 PreviewWith @RoryGreenfield @SmallHandStu @433ChrisListen https://t.co/qYKFoIZyZJ https:/â€¦	neutral
RT @joblocom: Review: Guardians of the Galaxy Vol. 2 https://t.co/WWTvA41CSr https://t.co/6ZDj1RWPjr	neutral
'#GotG2' gives fans everything they want and more (and, of course, Chris @PrattPrattPratt). Our reviewâ€¦ https://t.co/zA6qsELw8F @MarvelAUNZ	neutral
RT @AIComicPod: Guardians of the Galaxy Vol.2 PreviewWith @RoryGreenfield @SmallHandStu @433ChrisListen https://t.co/qYKFoIZyZJ https:/â€¦	neutral
RT @AIComicPod: Guardians of the Galaxy Vol.2 PreviewWith @RoryGreenfield @SmallHandStu @433ChrisListen https://t.co/qYKFoIZyZJ https:/â€¦	neutral
The Week in Geek: Guardians of the Galaxy Vol 2, Star Wars, Batgirl, and More https://t.co/ebkm26sgYk https://t.co/sXdcnj7Spg	neutral
**Spoiler Warning** What the five post-credits scenes from #GotGVol2 mean for the MCUhttps://t.co/2M8fty6e2T https://t.co/FV6RIDot1o	neutral
It;'s a Good News for you Marvelicious!!GUARDIANS OF THE GALAXY VOL. 2 playing on April 26th, 2017.Visitâ€¦ https://t.co/xumAN7l1eK	positive
#Yasss 'Guardians of the Galaxy Vol. 2': Film Review -  https://t.co/p6qP5MoEjR https://t.co/AE0aXjTDEl	neutral
Guardians of the Galaxy Vol.2 PreviewWith @RoryGreenfield @SmallHandStu @433ChrisListen https://t.co/qYKFoIZyZJ https://t.co/EmlzZAY1As	neutral
Guardians of the Galaxy Vol. 2, Unboxing https://t.co/aLrYCGDvEW via @YouTube	neutral
Guardians Inferno (feat. David Hasselhoff) (From "Guardians of the Galaxy Vol. 2"/Audio... https://t.co/xLj82ckZwa	neutral
Guardians of the Galaxy Vol. 2, Unboxing: https://t.co/ALuh2GEexp via @YouTube	neutral
RT @ComicBookNOW: Guardians of the Galaxy Vol. 2 is in theaters May 5th! Is it worth seeing?! Check out this review! #GotGVol2https://t.câ€¦	positive
Guardians of the Galaxy Vol. 2 https://t.co/aD71uJ6cpb https://t.co/Uucw71yV3w	neutral
@prattprattpratt GUARDIANS OF THE GALAXY VOL 2 WAS INCREDIBLE I LOVED IT	positive
I liked a @YouTube video https://t.co/KYdw34ZJ3R Guardians Of The Galaxy Vol. 2 - Movie Review	positive
POM KLEMENTIEFF at Guardians of the Galaxy Vol. 2 Premiere in London 04/24/2017 #celebrity #hot #celebsâ€¦ https://t.co/T3tL3SWy0J	neutral
ZOE SALDANA at Guardians of the Galaxy Vol. 2 Premiere in London 04/24/2017 #celebrity #hot #celebsâ€¦ https://t.co/5WpjcBCZvx	neutral
KAREN GILLAN at Guardians of the Galaxy Vol. 2 Premiere in London 04/24/2017 #celebrity #hot #celebsâ€¦ https://t.co/gAQpVrJiIx	neutral
I liked a @YouTube video https://t.co/fCdtpMgrOB Guardians Of The Galaxy Vol 2 SPOILER FREE Review!	neutral
RT @Variety: REVIEW: "Guardians of the Galaxy Vol. 2" https://t.co/4HAWT7fr3T https://t.co/Ld7WssUbIo	neutral
Guardians of the Galaxy Vol 2 Review  https://t.co/waLRllp4U2  #guardiansofthegalaxy #iamgroot	neutral
RT @SuperheroNewsCB: Kevin Feige on Sunday: The Avengers 4 title is a spoiler!Zoe Saldana on Monday: Hereâ€™s the Avengers 4 title! httpsâ€¦	neutral
RT @filmgob: Hector Navarro said what about Guardians of the Galaxy Vol 2 ? ðŸ˜‚#GotGVol2 #Marvel https://t.co/UU5WsN1xEI	neutral
Review: Guardians of the Galaxy Vol. 2 https://t.co/VNuyRPfbHA	neutral
RT @filmgob: Guardians of the Galaxy Vol 2-hollow emotional core-no real purpose-pacing, story problems-exaggerates everythingðŸ… 92%#Gâ€¦	neutral
Attended a rave last night.Oh, and there was a screening of Guardians of the Galaxy Vol. 2 too.	neutral
@mini_chicooo Hey if you wait one more week you can go see Guardians of the Galaxy vol. 2!	neutral
RT @DEADLINE: â€˜Guardians Of The Galaxy Vol. 2â€™ Review: Chris Pratt Leads Best Marvel Cast Ever To Save The Universe (And Thisâ€¦ https://t.coâ€¦	positive
RT @Variety: â€˜Guardians of the Galaxy Vol. 2,â€™ â€˜American Assassinâ€™ Top Social Media Buzz https://t.co/ThVDGM3TVV	positive
RT @WhenInManila: We're giving away tickets to our screening of Guardians of the Galaxy Vol. 2 tomorrow night!Just RT! #WIMxGotG2https:â€¦	neutral
ANNA FARIS at Guardians of the Galaxy Vol. 2 Premiere in LondonÂ 04/24/2017 https://t.co/JAYIQfy1sQ https://t.co/z9AlTbyQxF	neutral
NELL HUDSON at Guardians of the Galaxy Vol. 2 Premiere in LondonÂ 04/24/2017 https://t.co/k46Rc2BlDP https://t.co/g6q4auJvnW	neutral
POM KLEMENTIEFF at Guardians of the Galaxy Vol. 2 Premiere in LondonÂ 04/24/2017 https://t.co/p94R50huEN https://t.co/gpE4qEuiDV	neutral
RT @DeanDobbs: Guardians Of The Galaxy: Vol 2 was a lot of fun. It's not as good as the original, but only by a little bit. There's a lotâ€¦	positive
RT @THRmovies: 'Guardians of the Galaxy Vol. 2': Film Review https://t.co/9jpNi6H2P5	neutral
Bought advanced IMAX tickets for Guardians Of The Galaxy Vol. 2 in 3D for this Saturday! YAY!!!â€¦ https://t.co/vqpyzl77tE	positive
AHHHHHH YAY I WON TICKETS TO GUARDIANS OF THE GALAXY VOL.2 BLESS UPPPPPP	neutral
RT @WhenInManila: We're giving away tickets to our screening of Guardians of the Galaxy Vol. 2 tomorrow night!Just RT! #WIMxGotG2https:â€¦	neutral
RT @EW: #GOTGVol2 is smarter and funnier than most films, but not as smart and funny as the first one. Our review: https://t.co/joYpF1mvCt	neutral
â€˜Guardians of the Galaxy Vol. 2â€™: FilmÂ Review https://t.co/ijeA65MO3J https://t.co/xwpSTkB8Oz	neutral
Guardians of The Galaxy Vol. 2 was awesome. Baby Goot ðŸ˜ Teenager Goot ðŸ˜‚	positive
RT @ComicBook: ICYMI: Guardians of the Galaxy Vol. 2 star Sylvester Stallone reveals why he joined the Marvel Cinematic Universe!https://tâ€¦	neutral
Guardians of the Galaxy Vol 2. #recoveryMode https://t.co/rWdMTwmDm3	neutral
Update from @TheDisneyBlog - Guardians of the Galaxy Vol. 2: Awesome Mix Vol. 2 now available https://t.co/6vDgBcDgXB	positive
RT @MarvelEntCA: Blast Off with Guardians of the Galaxy Vol. 2, in theatres in 10 days! https://t.co/inxB75wlnG	neutral
'Guardians of the Galaxy Vol. 2': What the #Critics Are Saying https://t.co/FEDg0bbbz3	neutral
Just booked tix for Guardians of the Galaxy Vol. 2. https://t.co/rJxU5rAlub	neutral
GUARDIANS OF THE GALAXY Vol.2!!!	neutral
RT @filmgob: Hector Navarro said what about Guardians of the Galaxy Vol 2 ? ðŸ˜‚#GotGVol2 #Marvel https://t.co/UU5WsN1xEI	neutral
ZOE SALDANA at Guardians of the Galaxy Vol. 2 Premiere in LondonÂ 04/24/2017 https://t.co/bid0DUn242 https://t.co/ArMWoXumJc	neutral
KAREN GILLAN at Guardians of the Galaxy Vol. 2 Premiere in LondonÂ 04/24/2017 https://t.co/G48J2qMuUN https://t.co/zFw3G2MqOH	neutral
RT @ollyog: Guardians of the Galaxy Vol.2 European premiere! #GOTGVol2 https://t.co/sPlt0WC4uw https://t.co/nyB6wD8MHl	neutral
RT @heroichollywood: 'Guardians Of The Galaxy Vol. 2' Early Review Round-Up: What The Critics Are Saying https://t.co/DpSAGpHLjs https://t.â€¦	neutral
Cant wait for Guardians of the galaxy vol. 2 tomorrow	neutral
I liked a @YouTube video https://t.co/eaFZjRlQOy Guardians of the Galaxy Vol. 2 Review	positive
Not sure what movie I'm most excited for...Guardians of the Galaxy Vol 2Spider-Man HomecomingOR KINGSMAN 2I'M SO READY THOUGH	positive
ABOUT TO SEE GUARDIANS OF THE GALAXY VOL.2!!! AAAHHHHHHHHHHH!!!!!!!!!!!!!!!111112342069847384$*/&%~Ã· https://t.co/etkWfmLej2	neutral
RT @billboard: Don't miss Miley Cyrus voicing a robot in "Guardians of the Galaxy Vol. 2" https://t.co/DbXA7IacQT / via @SPIN https://t.co/â€¦	neutral
'Guardians of the Galaxy Vol. 2' Review: Marvel Space Opera's Sequel Is a Blast:         Let's face it: No one... https://t.co/bkLYrnpb0R	neutral
I'm about to see Guardians of the Galaxy VOL 2... HEEELL YEAH!!!	neutral
RT @ODEONCinemas: All set for the European Premiere of Guardians of the Galaxy Vol 2. Follow the event on our Instagram Storyâœ¨#GotGVol2 #Goâ€¦	neutral
RT @ohmxrvel: Ya necesito ver Guardians Of The Galaxy Vol. 2.	neutral
RT @havingfunsaving: In Marvel Studiosâ€™ â€œGuardians of the Galaxy Vol. 2,â€ is in theaters in less than 2 weeks! @Guardians #GotGVol2 Who elsâ€¦	neutral
I'm getting soft. I must've cried three times watching Guardians of the Galaxy Vol. 2 ðŸ˜­ðŸ˜‚	positive
'Guardians of the Galaxy, Vol. 2' not as charming as Vol. 1 https://t.co/4KwlbUw0Tq https://t.co/F55fp5e6lz	neutral
Review van Guardians of the Galaxy Vol. 2 | 9lives https://t.co/jjouNUDVGB	neutral
RT @ComicBook: ICYMI: Avengers: Infinity War takes place 4 years after Guardians of the Galaxy Vol. 2https://t.co/bezmuiGSOK https://t.co/â€¦	neutral
RT @thenerdmachine: THE A-HOLES ARE BACK! Read our spoiler-free review of 'Guardians of the Galaxy Vol. 2' https://t.co/8mkc1PDDH5 https://â€¦	neutral
'Guardians of the Galaxy Vol. 2': Marvel Space Opera's Sequel is a Blast https://t.co/nVcNNo1mTV via @RollingStone	neutral
RT @JordanESamuel: Seriously! Check out my #GotGVol2 review on @ComiConverse https://t.co/j3idHJWQII	neutral
Seriously! Check out my #GotGVol2 review on @ComiConverse https://t.co/j3idHJWQII	neutral
RT @billboard: Don't miss Miley Cyrus voicing a robot in "Guardians of the Galaxy Vol. 2" https://t.co/DbXA7IacQT / via @SPIN https://t.co/â€¦	neutral
RT @EWlive: 'Guardians of the Galaxy Vol. 2' Puts A Rocket Under EW's Summer Movie Preview #LADaily https://t.co/3C5HSKTdub via @ew	neutral
GUARDIANS OF THE GALAXY VOL. 2 is Wall-to-Wall Delightful (Review) | Nerdist https://t.co/zJkxEQVJUx #guardiansofthegalaxy	neutral
So, more good news: I'M SEEING GUARDIANS OF THE GALAXY VOL. 2 TOMORROW.	positive
RT @PerezHilton: This is so lame of you, @prattprattpratt! https://t.co/kNAgZlMCYn	negative
RT @GeekFeedDotCom: REVIEW: Guardians of the Galaxy Vol. 2 Surpasses the Original. #GotGVol2 https://t.co/LP5fQS00jE	neutral
RT @Variety: â€˜Guardians of the Galaxy Vol. 2,â€™ â€˜American Assassinâ€™ Top Social Media Buzz https://t.co/ThVDGM3TVV	positive
RT @SuperheroNewsCB: Kevin Feige on Sunday: The Avengers 4 title is a spoiler!Zoe Saldana on Monday: Hereâ€™s the Avengers 4 title! httpsâ€¦	neutral
RT @washingtonpost: "Guardians of the Galaxy Vol. 2": Hereâ€™s what the first reviews are saying https://t.co/ShiLxyv8xW	neutral
RT @Gizmodo: This new video focuses on the family of Guardians of the Galaxy Vol. 2 https://t.co/if08Xehf3V https://t.co/ztKCsGENVt	neutral
Guardians of the Galaxy Vol. 2: Patchworkfamilie auf Chaostour durchs All | heise online https://t.co/m96TAcnEdU	neutral
RT @purehavuk: From GeekFeed! @NightRTs @DNR_CREW: Guardians of the Galaxy Vol. 2 Surpasses the Original https://t.co/KrFoAhv79a #geek #bloâ€¦	neutral
RT @billboard: Don't miss Miley Cyrus voicing a robot in "Guardians of the Galaxy Vol. 2" https://t.co/DbXA7IacQT / via @SPIN https://t.co/â€¦	neutral
RT @MarvelNewz: Guardians of the Galaxy Vol. 2 featurette. #GotGVol2 https://t.co/xoPxSlb6bQ	neutral
Go Behind The Scenes Of Guardians Of The Galaxy Vol. 2 In A Brand New Featurette: https://t.co/qeg5reo8s0â€¦ https://t.co/MbUq1xZbHJ	neutral
RT @MarvelNewz: The set up for the European Premiere of Guardians of the Galaxy Vol 2. #GotGVol2premiere #GotGVol2 https://t.co/xvhLDoCDav	neutral
RT @MarvelNewz: Guardians Of The Galaxy Vol. 2 Stickers #GotGVol2 https://t.co/hL5xWQF7Ps	neutral
